X,Y,OCC_YEAR,OCC_MONTH,HOOD_158,NEIGHBOURHOOD_158
-79.3928506,43.6850197800001,2004,January,98,Rosedale-Moore Park
-79.23388715,43.78174054,2004,January,142,Woburn North
-79.2068937399999,43.8108493300001,2004,January,146,Malvern East
-79.4343959,43.67046556,2004,January,171,Junction-Wallace Emerson
-79.2038623299999,43.82353541,2004,January,144,Morningside Heights
-79.50863063,43.72090918,2004,February,154,Oakdale-Beverley Heights
-79.50863063,43.72090918,2004,February,154,Oakdale-Beverley Heights
-79.50897606,43.72235792,2004,February,154,Oakdale-Beverley Heights
-79.5928637499999,43.7431067700001,2004,February,2,Mount Olive-Silverstone-Jamestown
-79.2275971999999,43.8162598100001,2004,March,144,Morningside Heights
-79.2665028599999,43.80802063,2004,March,129,Agincourt North
-79.3293371299999,43.6973764300001,2004,March,58,Old East York
-79.28672612,43.7000781900001,2004,March,120,Clairlea-Birchmount
-79.24251743,43.76707544,2004,March,142,Woburn North
-79.42748485,43.7097323900001,2004,March,39,Bedford Park-Nortown
-79.22532108,43.75981655,2004,March,141,Golfdale-Cedarbrae-Woburn
-79.37135298,43.6590671600001,2004,April,73,Moss Park
-79.5505613299999,43.7250906900001,2004,April,5,Elms-Old Rexdale
-79.5792837499999,43.7352348900001,2004,May,2,Mount Olive-Silverstone-Jamestown
-79.51875893,43.76915718,2004,May,24,Black Creek
-79.54413998,43.59430558,2004,May,20,Alderwood
-79.45703965,43.7101585500001,2004,May,31,Yorkdale-Glen Park
-79.36299801,43.66008107,2004,May,72,Regent Park
-79.57908532,43.73713165,2004,May,3,Thistletown-Beaumond Heights
-79.47898028,43.71406783,2004,May,29,Maple Leaf
-79.43797411,43.642272,2004,May,86,Roncesvalles
-79.37445106,43.6601961800001,2004,June,73,Moss Park
-79.42812551,43.6359750600001,2004,June,85,South Parkdale
-79.36900509,43.65461429,2004,June,73,Moss Park
-79.5351766799999,43.7111969600001,2004,June,23,Pelmo Park-Humberlea
-79.52266531,43.77213497,2004,July,24,Black Creek
-79.27579757,43.6995344600001,2004,July,121,Oakridge
-79.4852473299999,43.63014616,2004,July,16,Stonegate-Queensway
-79.50534135,43.70840838,2004,July,28,Rustic
-79.41266712,43.7683879000001,2004,July,151,Yonge-Doris
-79.23605587,43.79187153,2004,July,146,Malvern East
-79.35633594,43.8008534100001,2004,July,48,Hillcrest Village
-79.46764916,43.6632451500001,2004,July,90,Junction Area
-79.36561755,43.65091268,2004,July,73,Moss Park
-79.45339168,43.6633140600001,2004,August,171,Junction-Wallace Emerson
-79.5038346599999,43.7028718400001,2004,August,28,Rustic
-79.44110533,43.7022471700001,2004,August,108,Briar Hill-Belgravia
-79.15777869,43.7938428,2004,August,134,Highland Creek
-79.37271244,43.6523424000001,2004,August,73,Moss Park
-79.54569487,43.75136344,2004,August,22,Humbermede
-79.56143908,43.7006333100001,2004,September,6,Kingsview Village-The Westway
-79.61427066,43.7321828,2004,September,1,West Humber-Clairville
-79.4907815,43.7454545000001,2004,September,27,York University Heights
-79.33727318,43.6605570500001,2004,October,70,South Riverdale
-79.5005484499999,43.7112613300001,2004,October,28,Rustic
-79.4728674899999,43.6518728500001,2004,October,88,High Park North
-79.37858096,43.70101372,2004,October,99,Mount Pleasant East
-79.44952146,43.6751153600001,2004,November,92,Corso Italia-Davenport
-79.42871686,43.66929822,2004,December,172,Dovercourt Village
-79.42871686,43.66929822,2004,December,172,Dovercourt Village
-79.1692872,43.7820068500001,2004,December,133,Centennial Scarborough
-79.32814143,43.6960746300001,2004,December,58,Old East York
-79.38496786,43.75214384,2004,December,40,St.Andrew-Windfields
-79.4010302,43.6578101900001,2004,December,79,University
-79.3089872899999,43.7086737400001,2004,December,54,O'Connor-Parkview
-79.3788698,43.6606647300001,2004,December,168,Downtown Yonge East
-79.25651332,43.73074067,2004,December,124,Kennedy Park
-79.3277774599999,43.7126145500001,2004,December,44,Flemingdon Park
-79.23591377,43.73537465,2004,December,123,Cliffcrest
-79.2652406999999,43.8273736900001,2005,January,130,Milliken
-79.42405096,43.66597439,2005,January,172,Dovercourt Village
-79.4073242699999,43.64257868,2005,January,162,West Queen West
-79.4073242699999,43.64257868,2005,January,162,West Queen West
-79.3321458299999,43.80720598,2005,January,116,Steeles
-79.5214235299999,43.7732018300001,2005,January,24,Black Creek
-79.4557907499999,43.6703302600001,2005,February,91,Weston-Pelham Park
-79.2822541,43.7694153100001,2005,February,126,Dorset Park
-79.5875824,43.7546481300001,2005,February,2,Mount Olive-Silverstone-Jamestown
-79.2822541,43.7694153100001,2005,February,126,Dorset Park
-79.37377428,43.66728915,2005,February,74,North St.James Town
-79.4918694,43.6132781700001,2005,February,160,Mimico-Queensway
-79.4460503,43.78591163,2005,February,36,Newtonbrook West
-79.3563018199999,43.7409758200001,2005,March,42,Banbury-Don Mills
-79.49823058,43.6239133300001,2005,March,16,Stonegate-Queensway
-79.37937119,43.6618695400001,2005,March,167,Church-Wellesley
-79.28125575,43.6853064700001,2005,April,122,Birchcliffe-Cliffside
-79.4360337699999,43.6371701900001,2005,April,85,South Parkdale
-79.3844407399999,43.64230121,2005,April,165,Harbourfront-CityPlace
-79.5529797199999,43.7514332800001,2005,April,21,Humber Summit
-79.2816987099999,43.80845778,2005,May,129,Agincourt North
-79.43536217,43.6598775900001,2005,May,171,Junction-Wallace Emerson
-79.51390331,43.7546383600001,2005,May,25,Glenfield-Jane Heights
-79.3417750899999,43.67956123,2005,May,66,Danforth
-79.38152129,43.6684536700001,2005,May,167,Church-Wellesley
-79.24524616,43.78324832,2005,May,128,Agincourt South-Malvern West
-79.19065218,43.75870273,2005,May,136,West Hill
-79.5096773,43.7396665200001,2005,May,25,Glenfield-Jane Heights
-79.29491704,43.6897126800001,2005,June,62,East End-Danforth
-79.52186721,43.7667634200001,2005,June,24,Black Creek
-79.44132042,43.7208161200001,2005,June,32,Englemount-Lawrence
-79.43840457,43.6669563500001,2005,June,172,Dovercourt Village
-79.56827627,43.7463139700001,2005,July,22,Humbermede
-79.19167772,43.7698181700001,2005,July,136,West Hill
-79.27256053,43.69468894,2005,July,121,Oakridge
-79.4821350299999,43.68062582,2005,July,111,Rockcliffe-Smythe
-79.3258448,43.7433631800001,2005,July,149,Parkwoods-O'Connor Hills
-79.44101856,43.72012088,2005,July,32,Englemount-Lawrence
-79.3157626299999,43.7967668800001,2005,July,148,East L'Amoreaux
-79.38108203,43.6583163600001,2005,July,168,Downtown Yonge East
-79.58321011,43.73298162,2005,August,2,Mount Olive-Silverstone-Jamestown
-79.33312856,43.7981694000001,2005,August,147,L'Amoreaux West
-79.37551634,43.66573486,2005,August,71,Cabbagetown-South St.James Town
-79.37551634,43.66573486,2005,August,71,Cabbagetown-South St.James Town
-79.5205853099999,43.6958138100001,2005,August,8,Humber Heights-Westmount
-79.37468029,43.6670883300001,2005,August,71,Cabbagetown-South St.James Town
-79.33495372,43.7187242800001,2005,August,44,Flemingdon Park
-79.26662183,43.75811664,2005,August,156,Bendale-Glen Andrew
-79.50728385,43.6025305000001,2005,August,18,New Toronto
-79.22055842,43.7428288200001,2005,August,139,Scarborough Village
-79.5095221299999,43.7391209400001,2005,August,25,Glenfield-Jane Heights
-79.37011896,43.65615654,2005,August,73,Moss Park
-79.34365243,43.7402678400001,2005,September,42,Banbury-Don Mills
-79.50130898,43.7049818200001,2005,September,28,Rustic
-79.40009206,43.6355817900001,2005,September,163,Fort York-Liberty Village
-79.51476374,43.76720514,2005,September,24,Black Creek
-79.5163405,43.7518865600001,2005,September,25,Glenfield-Jane Heights
-79.4342743,43.63630227,2005,September,85,South Parkdale
-79.54936006,43.72728306,2005,September,5,Elms-Old Rexdale
-79.54936006,43.72728306,2005,September,5,Elms-Old Rexdale
-79.54936006,43.72728306,2005,September,5,Elms-Old Rexdale
-79.4400817499999,43.7361031200001,2005,September,33,Clanton Park
-79.3352611299999,43.6945392200001,2005,September,58,Old East York
-79.1626279499999,43.7703886400001,2005,October,136,West Hill
-79.5885304,43.7386883200001,2005,October,2,Mount Olive-Silverstone-Jamestown
-79.5916994999999,43.7367668700001,2005,October,2,Mount Olive-Silverstone-Jamestown
-79.5916994999999,43.7367668700001,2005,October,2,Mount Olive-Silverstone-Jamestown
-79.33312856,43.7981694000001,2005,November,147,L'Amoreaux West
-79.30157306,43.7152998400001,2005,November,54,O'Connor-Parkview
-79.4338729099999,43.6393201400001,2005,November,85,South Parkdale
-79.44278975,43.69729598,2005,November,108,Briar Hill-Belgravia
-79.40656984,43.75649487,2005,November,153,Avondale
-79.4636268199999,43.6807157700001,2005,November,91,Weston-Pelham Park
-79.59230675,43.74237026,2005,November,2,Mount Olive-Silverstone-Jamestown
-79.27737099,43.74557201,2005,November,126,Dorset Park
-79.44868158,43.65957074,2005,November,171,Junction-Wallace Emerson
-79.4268528599999,43.70709886,2005,December,102,Forest Hill North
-79.51668932,43.7518500300001,2005,December,25,Glenfield-Jane Heights
-79.3176660999999,43.68462092,2005,December,64,Woodbine Corridor
-79.44732917,43.6963527,2006,January,108,Briar Hill-Belgravia
-79.41491774,43.7351751200001,2006,January,39,Bedford Park-Nortown
-79.5004743499999,43.7449688,2006,February,25,Glenfield-Jane Heights
-79.33495372,43.7187242800001,2006,February,44,Flemingdon Park
-79.33038092,43.7966955800001,2006,February,147,L'Amoreaux West
-79.33038092,43.7966955800001,2006,February,147,L'Amoreaux West
-79.33038092,43.7966955800001,2006,February,147,L'Amoreaux West
-79.29251472,43.69285848,2006,March,61,Taylor-Massey
-79.17438663,43.7927161800001,2006,March,134,Highland Creek
-79.54522323,43.7478746,2006,March,22,Humbermede
-79.21891018,43.74317589,2006,March,139,Scarborough Village
-79.37377428,43.66728915,2006,March,74,North St.James Town
-79.49091301,43.68756517,2006,March,115,Mount Dennis
-79.5071915199999,43.7484669500001,2006,March,25,Glenfield-Jane Heights
-79.54907202,43.75064251,2006,April,21,Humber Summit
-79.47342875,43.7291415,2006,April,155,Downsview
-79.34431813,43.78096988,2006,April,47,Don Valley Village
-79.32852697,43.7190244000001,2006,April,44,Flemingdon Park
-79.5088959299999,43.60153166,2006,April,18,New Toronto
-79.32322605,43.6838945800001,2006,May,66,Danforth
-79.3941030299999,43.6526032100001,2006,May,78,Kensington-Chinatown
-79.2937192799999,43.6925816,2006,May,61,Taylor-Massey
-79.4208665099999,43.68618824,2006,May,106,Humewood-Cedarvale
-79.21567941,43.76056737,2006,May,141,Golfdale-Cedarbrae-Woburn
-79.3335503499999,43.68165435,2006,June,66,Danforth
-79.48599638,43.7428613100001,2006,June,155,Downsview
-79.50657838,43.6956364000001,2006,June,113,Weston
-79.50226868,43.71652663,2006,June,28,Rustic
-79.49091301,43.68756517,2006,June,115,Mount Dennis
-79.50815463,43.7190711700001,2006,June,154,Oakdale-Beverley Heights
-79.22448013,43.8025008600001,2006,June,145,Malvern West
-79.38265705,43.66673432,2006,June,167,Church-Wellesley
-79.3679003999999,43.64743567,2006,June,166,St Lawrence-East Bayfront-The Islands
-79.47190263,43.6772222000001,2006,July,90,Junction Area
-79.54485457,43.6008445100001,2006,July,20,Alderwood
-79.37606178,43.6554536900001,2006,July,168,Downtown Yonge East
-79.2264549,43.82980644,2006,July,144,Morningside Heights
-79.49201672,43.6879166300001,2006,July,115,Mount Dennis
-79.2264549,43.82980644,2006,July,144,Morningside Heights
-79.5920840699999,43.73217463,2006,July,1,West Humber-Clairville
-79.31062202,43.7137981400001,2006,July,54,O'Connor-Parkview
-79.31062202,43.7137981400001,2006,July,54,O'Connor-Parkview
-79.21694931,43.8072332400001,2006,July,146,Malvern East
-79.4366091699999,43.63872666,2006,August,85,South Parkdale
-79.38359055,43.6583035300001,2006,September,170,Yonge-Bay Corridor
-79.38359055,43.6583035300001,2006,September,170,Yonge-Bay Corridor
-79.30397793,43.8017136300001,2006,September,148,East L'Amoreaux
-79.24036174,43.7704551100001,2006,September,142,Woburn North
-79.42913198,43.6385765900001,2006,September,85,South Parkdale
-79.3256371799999,43.8073583500001,2006,September,116,Steeles
-79.2564559799999,43.7101685800001,2006,September,122,Birchcliffe-Cliffside
-79.3825417799999,43.66314727,2006,September,167,Church-Wellesley
-79.56910076,43.75904905,2006,September,21,Humber Summit
-79.56014355,43.64739045,2006,October,158,Islington
-79.30446524,43.71890074,2006,October,43,Victoria Village
-79.3635225099999,43.6662301600001,2006,October,71,Cabbagetown-South St.James Town
-79.30048125,43.7279357100001,2006,October,119,Wexford/Maryvale
-79.1943528,43.7892712500001,2006,October,134,Highland Creek
-79.4962639299999,43.6277279700001,2006,October,16,Stonegate-Queensway
-79.38735317,43.64881731,2006,October,164,Wellington Place
-79.30225605,43.71598276,2006,November,43,Victoria Village
-79.30225605,43.71598276,2006,November,43,Victoria Village
-79.22924026,43.80987415,2006,November,145,Malvern West
-79.48447934,43.6493242400001,2006,November,87,High Park-Swansea
-79.39392521,43.64273279,2006,December,165,Harbourfront-CityPlace
-79.19713229,43.7967633100001,2006,December,144,Morningside Heights
-79.35833029,43.66258988,2006,December,72,Regent Park
-79.4273711399999,43.6389542900001,2006,December,85,South Parkdale
-79.573471,43.7257443500001,2006,December,4,Rexdale-Kipling
-79.51937902,43.76449275,2006,December,24,Black Creek
-79.22821663,43.7999873700001,2007,January,145,Malvern West
-79.3231965799999,43.7119442800001,2007,January,44,Flemingdon Park
-79.51457615,43.69952521,2007,January,113,Weston
-79.26697259,43.7807775100001,2007,January,128,Agincourt South-Malvern West
-79.47716257,43.6781535900001,2007,January,111,Rockcliffe-Smythe
-79.22790402,43.7224311300001,2007,February,123,Cliffcrest
-79.3689964,43.6439325000001,2007,February,166,St Lawrence-East Bayfront-The Islands
-79.51320032,43.72550965,2007,February,154,Oakdale-Beverley Heights
-79.5556868,43.64151474,2007,February,158,Islington
-79.29146059,43.7269901400001,2007,March,120,Clairlea-Birchmount
-79.5483688699999,43.7487717000001,2007,March,22,Humbermede
-79.4408411799999,43.69264824,2007,March,107,Oakwood Village
-79.4149291099999,43.77990278,2007,March,151,Yonge-Doris
-79.51668932,43.7518500300001,2007,April,25,Glenfield-Jane Heights
-79.36867061,43.66784239,2007,April,71,Cabbagetown-South St.James Town
-79.58664758,43.75268118,2007,April,2,Mount Olive-Silverstone-Jamestown
-79.22839199,43.7606248800001,2007,April,142,Woburn North
-79.44053044,43.7551159000001,2007,April,34,Bathurst Manor
-79.35443287,43.66501487,2007,April,68,North Riverdale
-79.2632869299999,43.7333291800001,2007,April,124,Kennedy Park
-79.5276780299999,43.7166885600001,2007,April,154,Oakdale-Beverley Heights
-79.35074707,43.6777879800001,2007,April,67,Playter Estates-Danforth
-79.38678443,43.67022021,2007,April,167,Church-Wellesley
-79.2049723499999,43.7825951300001,2007,May,135,Morningside
-79.17949528,43.8042729200001,2007,May,143,West Rouge
-79.5517987699999,43.7268739200001,2007,May,5,Elms-Old Rexdale
-79.38887553,43.7086478200001,2007,May,99,Mount Pleasant East
-79.40130813,43.64966681,2007,May,78,Kensington-Chinatown
-79.5401287999999,43.74178779,2007,May,22,Humbermede
-79.3495637,43.75179123,2007,May,42,Banbury-Don Mills
-79.3627367999999,43.6515623700001,2007,May,73,Moss Park
-79.3974341699999,43.6530740200001,2007,May,78,Kensington-Chinatown
-79.31870381,43.75991896,2007,June,150,Fenside-Parkwoods
-79.57830605,43.7354983700001,2007,June,3,Thistletown-Beaumond Heights
-79.45926909,43.6892762800001,2007,June,109,Caledonia-Fairbank
-79.21791762,43.8228643200001,2007,June,144,Morningside Heights
-79.21791762,43.8228643200001,2007,June,144,Morningside Heights
-79.36601253,43.6594348400001,2007,June,72,Regent Park
-79.44785913,43.72058451,2007,July,31,Yorkdale-Glen Park
-79.15384764,43.7976406500001,2007,July,143,West Rouge
-79.15384764,43.7976406500001,2007,July,143,West Rouge
-79.19473833,43.7620081200001,2007,July,136,West Hill
-79.2307976499999,43.7802622,2007,July,142,Woburn North
-79.44029935,43.6923317800001,2007,July,107,Oakwood Village
-79.5049827299999,43.7413953700001,2007,July,25,Glenfield-Jane Heights
-79.37510285,43.67049415,2007,July,74,North St.James Town
-79.38868029,43.64819386,2007,July,164,Wellington Place
-79.21190638,43.8184359000001,2007,July,144,Morningside Heights
-79.4645541,43.6653982300001,2007,July,90,Junction Area
-79.23835825,43.73884696,2007,July,138,Eglinton East
-79.5935359599999,43.7337657800001,2007,July,1,West Humber-Clairville
-79.36233057,43.6629653700001,2007,August,72,Regent Park
-79.41125629,43.6457424500001,2007,August,162,West Queen West
-79.51928818,43.77026626,2007,August,24,Black Creek
-79.22911791,43.7279788600001,2007,August,123,Cliffcrest
-79.34784325,43.7025705900001,2007,August,55,Thorncliffe Park
-79.28351257,43.69406136,2007,August,121,Oakridge
-79.28339971,43.80508151,2007,August,129,Agincourt North
-79.28743475,43.7079316300001,2007,September,120,Clairlea-Birchmount
-79.44151246,43.6830462200001,2007,September,107,Oakwood Village
-79.27978261,43.74851735,2007,September,126,Dorset Park
-79.50482849,43.70663913,2007,September,28,Rustic
-79.38248706,43.65990664,2007,September,168,Downtown Yonge East
-79.3446466199999,43.76463197,2007,September,150,Fenside-Parkwoods
-79.5170711599999,43.75484813,2007,September,25,Glenfield-Jane Heights
-79.48963037,43.7363552900001,2007,October,155,Downsview
-79.4909339599999,43.67124454,2007,October,111,Rockcliffe-Smythe
-79.43128942,43.68052032,2007,October,94,Wychwood
-79.5113870599999,43.75012851,2007,October,25,Glenfield-Jane Heights
-79.31014981,43.7570177600001,2007,October,119,Wexford/Maryvale
-79.3603779699999,43.8095041500001,2007,October,48,Hillcrest Village
-79.35227629,43.6658777600001,2007,October,68,North Riverdale
-79.53055002,43.6467671500001,2007,October,159,Etobicoke City Centre
-79.51568116,43.74914154,2007,November,25,Glenfield-Jane Heights
-79.36694949,43.65649381,2007,November,73,Moss Park
-79.3089512299999,43.7105189100001,2007,November,54,O'Connor-Parkview
-79.29934459,43.7835887100001,2007,November,118,Tam O'Shanter-Sullivan
-79.2349281899999,43.79465607,2007,November,145,Malvern West
-79.51476374,43.76720514,2007,November,24,Black Creek
-79.19621683,43.7866207000001,2007,November,135,Morningside
-79.25388925,43.77519892,2007,December,156,Bendale-Glen Andrew
-79.21243507,43.81207513,2007,December,146,Malvern East
-79.21101573,43.8179017,2007,December,144,Morningside Heights
-79.3595016099999,43.65829519,2007,December,72,Regent Park
-79.58664758,43.75268118,2007,December,2,Mount Olive-Silverstone-Jamestown
-79.58664758,43.75268118,2007,December,2,Mount Olive-Silverstone-Jamestown
-79.31700399,43.70893849,2008,January,54,O'Connor-Parkview
-79.38580431,43.66919161,2008,January,167,Church-Wellesley
-79.34945465,43.66614488,2008,January,70,South Riverdale
-79.5096034599999,43.7248876100001,2008,January,154,Oakdale-Beverley Heights
-79.24467607,43.7450086800001,2008,February,138,Eglinton East
-79.24467607,43.7450086800001,2008,February,138,Eglinton East
-79.23055871,43.81357225,2008,February,145,Malvern West
-79.21141302,43.7637232600001,2008,February,141,Golfdale-Cedarbrae-Woburn
-79.40976277,43.64839461,2008,February,81,Trinity-Bellwoods
-79.3061987199999,43.6855130100001,2008,February,62,East End-Danforth
-79.45674748,43.7516569300001,2008,February,33,Clanton Park
-79.44662046,43.71891057,2008,March,31,Yorkdale-Glen Park
-79.57031397,43.65192911,2008,March,13,Etobicoke West Mall
-79.34160386,43.6648381000001,2008,March,70,South Riverdale
-79.4458559999999,43.6620584400001,2008,April,171,Junction-Wallace Emerson
-79.46501087,43.6679951200001,2008,April,90,Junction Area
-79.2183105399999,43.74529871,2008,May,139,Scarborough Village
-79.2183105399999,43.74529871,2008,May,139,Scarborough Village
-79.3351890599999,43.7312559100001,2008,May,42,Banbury-Don Mills
-79.3351890599999,43.7312559100001,2008,May,42,Banbury-Don Mills
-79.2139296,43.8105422200001,2008,May,146,Malvern East
-79.29450547,43.78471825,2008,May,118,Tam O'Shanter-Sullivan
-79.5926115199999,43.7165253700001,2008,May,1,West Humber-Clairville
-79.2992832199999,43.7166640900001,2008,May,43,Victoria Village
-79.4094759399999,43.6450070500001,2008,June,162,West Queen West
-79.4094759399999,43.6450070500001,2008,June,162,West Queen West
-79.49375172,43.67166625,2008,June,111,Rockcliffe-Smythe
-79.29731005,43.69651845,2008,June,61,Taylor-Massey
-79.28672612,43.7000781900001,2008,June,120,Clairlea-Birchmount
-79.3126396,43.7503501400001,2008,July,119,Wexford/Maryvale
-79.39459979,43.6892109,2008,July,97,Yonge-St.Clair
-79.19542971,43.7848241400001,2008,July,135,Morningside
-79.1527809,43.79788474,2008,July,143,West Rouge
-79.5459759399999,43.60628309,2008,July,20,Alderwood
-79.5459759399999,43.60628309,2008,July,20,Alderwood
-79.5459759399999,43.60628309,2008,July,20,Alderwood
-79.50901887,43.7150745700001,2008,July,23,Pelmo Park-Humberlea
-79.4771777399999,43.6896633900001,2008,July,110,Keelesdale-Eglinton West
-79.36962756,43.65719355,2008,August,73,Moss Park
-79.43619813,43.64458211,2008,August,86,Roncesvalles
-79.3132388499999,43.6701739700001,2008,August,64,Woodbine Corridor
-79.2572783699999,43.7873864000001,2008,August,128,Agincourt South-Malvern West
-79.35634011,43.64939258,2008,August,166,St Lawrence-East Bayfront-The Islands
-79.44043021,43.76339132,2008,August,35,Westminster-Branson
-79.22668422,43.8051765800001,2008,August,145,Malvern West
-79.40062434,43.6521929300001,2008,August,78,Kensington-Chinatown
-79.37916899,43.7659413000001,2008,September,52,Bayview Village
-79.4694313699999,43.6914207900001,2008,September,112,Beechborough-Greenbrook
-79.54237683,43.75208388,2008,September,21,Humber Summit
-79.4813100499999,43.72272466,2008,September,29,Maple Leaf
-79.5188184099999,43.76191141,2008,September,24,Black Creek
-79.28742463,43.7817280800001,2008,September,128,Agincourt South-Malvern West
-79.5141864999999,43.75546702,2008,September,25,Glenfield-Jane Heights
-79.49021952,43.7347056,2008,September,155,Downsview
-79.5112268,43.6839859500001,2008,October,8,Humber Heights-Westmount
-79.5133460599999,43.7219809600001,2008,October,154,Oakdale-Beverley Heights
-79.39767911,43.63381308,2008,October,163,Fort York-Liberty Village
-79.16677803,43.8075507300001,2008,October,143,West Rouge
-79.16677803,43.8075507300001,2008,October,143,West Rouge
-79.2251593,43.7417866100001,2008,October,139,Scarborough Village
-79.3302206399999,43.6632331100001,2008,October,70,South Riverdale
-79.44012098,43.7540870500001,2008,October,33,Clanton Park
-79.21794077,43.7708032400001,2008,November,135,Morningside
-79.21794077,43.7708032400001,2008,November,135,Morningside
-79.21794077,43.7708032400001,2008,November,135,Morningside
-79.57254805,43.6530211800001,2008,November,11,Eringate-Centennial-West Deane
-79.30979027,43.7421378700001,2008,November,119,Wexford/Maryvale
-79.5088959299999,43.60153166,2008,December,18,New Toronto
-79.47093037,43.69659403,2008,December,112,Beechborough-Greenbrook
-79.2788523899999,43.7327475600001,2008,December,125,Ionview
-79.5529797199999,43.7514332800001,2009,January,21,Humber Summit
-79.3552712599999,43.74093449,2009,January,42,Banbury-Don Mills
-79.3263502999999,43.7179651000001,2009,January,44,Flemingdon Park
-79.4606926499999,43.6706802800001,2009,January,91,Weston-Pelham Park
-79.4743553599999,43.6885126700001,2009,January,110,Keelesdale-Eglinton West
-79.51131176,43.6983365400001,2009,February,113,Weston
-79.20570344,43.7856799400001,2009,February,135,Morningside
-79.5116699399999,43.7660358000001,2009,February,24,Black Creek
-79.4771777399999,43.6896633900001,2009,February,112,Beechborough-Greenbrook
-79.2762837,43.7532209400001,2009,February,126,Dorset Park
-79.5288374,43.7587783800001,2009,March,24,Black Creek
-79.26315887,43.7268750800001,2009,April,124,Kennedy Park
-79.33416873,43.66585365,2009,April,70,South Riverdale
-79.4724159899999,43.6839916000001,2009,April,110,Keelesdale-Eglinton West
-79.49881935,43.68447022,2009,April,115,Mount Dennis
-79.50348382,43.6638838600001,2009,May,114,Lambton Baby Point
-79.43700867,43.6499778,2009,May,84,Little Portugal
-79.3201787799999,43.6683262600001,2009,May,65,Greenwood-Coxwell
-79.50045498,43.6679978700001,2009,May,111,Rockcliffe-Smythe
-79.3511160099999,43.6590728,2009,May,70,South Riverdale
-79.48210977,43.6832690200001,2009,May,111,Rockcliffe-Smythe
-79.48210977,43.6832690200001,2009,May,111,Rockcliffe-Smythe
-79.55405748,43.69533476,2009,June,6,Kingsview Village-The Westway
-79.4676254199999,43.7157229100001,2009,June,31,Yorkdale-Glen Park
-79.35232211,43.6453748100001,2009,June,70,South Riverdale
-79.35232211,43.6453748100001,2009,June,70,South Riverdale
-79.51115662,43.73645222,2009,July,25,Glenfield-Jane Heights
-79.28594715,43.77156796,2009,July,126,Dorset Park
-79.12809343,43.7938106400001,2009,July,143,West Rouge
-79.29878906,43.78369574,2009,July,118,Tam O'Shanter-Sullivan
-79.40746945,43.66590841,2009,July,79,University
-79.39543195,43.6718952300001,2009,August,95,Annex
-79.60636821,43.75500794,2009,August,1,West Humber-Clairville
-79.49458357,43.61044737,2009,August,160,Mimico-Queensway
-79.25578146,43.7366975900001,2009,August,138,Eglinton East
-79.59299502,43.7380515300001,2009,August,1,West Humber-Clairville
-79.58816144,43.7463088200001,2009,August,2,Mount Olive-Silverstone-Jamestown
-79.33818429,43.6724438800001,2009,September,69,Blake-Jones
-79.36788884,43.6503885400001,2009,September,166,St Lawrence-East Bayfront-The Islands
-79.36912046,43.7912887300001,2009,September,49,Bayview Woods-Steeles
-79.27266228,43.71755991,2009,September,124,Kennedy Park
-79.43477789,43.63394606,2009,October,85,South Parkdale
-79.37724155,43.6506628600001,2009,October,168,Downtown Yonge East
-79.48758849,43.74960108,2009,October,27,York University Heights
-79.4309798199999,43.6747165400001,2009,October,94,Wychwood
-79.34637501,43.6793997600001,2009,November,67,Playter Estates-Danforth
-79.49669119,43.7519315000001,2009,November,27,York University Heights
-79.3991407199999,43.6726845000001,2009,November,95,Annex
-79.35443287,43.66501487,2009,November,68,North Riverdale
-79.40746945,43.66590841,2009,November,79,University
-79.4388993699999,43.69153429,2009,November,107,Oakwood Village
-79.5506332799999,43.6882219500001,2009,November,6,Kingsview Village-The Westway
-79.3877203499999,43.6656387100001,2009,November,169,Bay-Cloverhill
-79.26649651,43.7689357200001,2009,November,156,Bendale-Glen Andrew
-79.50475341,43.7157347200001,2009,December,28,Rustic
-79.37377428,43.66728915,2009,December,74,North St.James Town
-79.5680594,43.75679841,2009,December,21,Humber Summit
-79.52378628,43.7023662,2009,December,113,Weston
-79.52304256,43.71769714,2009,December,154,Oakdale-Beverley Heights
-79.49860984,43.6655991000001,2009,December,89,Runnymede-Bloor West Village
-79.39727175,43.65765974,2009,December,78,Kensington-Chinatown
-79.47895426,43.665557,2009,December,90,Junction Area
-79.35443287,43.66501487,2010,January,68,North Riverdale
-79.2112059299999,43.8118508200001,2010,January,146,Malvern East
-79.39815971,43.6502557800001,2010,January,78,Kensington-Chinatown
-79.31708305,43.76201546,2010,January,119,Wexford/Maryvale
-79.37474228,43.6638706700001,2010,February,71,Cabbagetown-South St.James Town
-79.50260919,43.6984112100001,2010,February,30,Brookhaven-Amesbury
-79.50475341,43.7157347200001,2010,February,28,Rustic
-79.2379329299999,43.7381286400001,2010,February,138,Eglinton East
-79.3086548799999,43.66363618,2010,February,70,South Riverdale
-79.19946946,43.7654409400001,2010,March,136,West Hill
-79.3133714699999,43.76653881,2010,March,119,Wexford/Maryvale
-79.45343918,43.65502403,2010,April,87,High Park-Swansea
-79.3689085,43.6550194000001,2010,April,73,Moss Park
-79.43377345,43.6848981800001,2010,May,107,Oakwood Village
-79.44173417,43.6661294,2010,May,171,Junction-Wallace Emerson
-79.31231045,43.79748141,2010,May,148,East L'Amoreaux
-79.47039769,43.6912192,2010,May,112,Beechborough-Greenbrook
-79.20678435,43.7667942300001,2010,May,135,Morningside
-79.5132172799999,43.7393831800001,2010,May,25,Glenfield-Jane Heights
-79.4733783999999,43.64041918,2010,May,87,High Park-Swansea
-79.50289019,43.69954711,2010,May,30,Brookhaven-Amesbury
-79.51184611,43.59932095,2010,June,18,New Toronto
-79.41585327,43.6800423600001,2010,June,96,Casa Loma
-79.55791477,43.6944151100001,2010,June,6,Kingsview Village-The Westway
-79.5059387599999,43.6760975400001,2010,June,111,Rockcliffe-Smythe
-79.4020168499999,43.66838325,2010,July,95,Annex
-79.4864487,43.7447713400001,2010,July,155,Downsview
-79.26666209,43.7558934200001,2010,July,156,Bendale-Glen Andrew
-79.30846122,43.73879313,2010,July,119,Wexford/Maryvale
-79.39778881,43.6522539600001,2010,July,78,Kensington-Chinatown
-79.329651,43.71530504,2010,July,44,Flemingdon Park
-79.24675559,43.7552573300001,2010,July,156,Bendale-Glen Andrew
-79.25912081,43.78740415,2010,July,128,Agincourt South-Malvern West
-79.50688173,43.7403182100001,2010,July,25,Glenfield-Jane Heights
-79.6118095099999,43.73168123,2010,July,1,West Humber-Clairville
-79.33495372,43.7187242800001,2010,July,44,Flemingdon Park
-79.3686285699999,43.6658689400001,2010,August,71,Cabbagetown-South St.James Town
-79.37510285,43.67049415,2010,August,74,North St.James Town
-79.52721739,43.6438241700001,2010,August,159,Etobicoke City Centre
-79.4401781999999,43.7241786500001,2010,August,32,Englemount-Lawrence
-79.44019034,43.6514257000001,2010,August,83,Dufferin Grove
-79.47335128,43.6671616200001,2010,August,90,Junction Area
-79.34138354,43.70801163,2010,September,55,Thorncliffe Park
-79.23201792,43.7593103400001,2010,September,142,Woburn North
-79.5188184099999,43.76191141,2010,September,24,Black Creek
-79.48897714,43.6977066200001,2010,September,30,Brookhaven-Amesbury
-79.51314361,43.68684269,2010,September,8,Humber Heights-Westmount
-79.51457615,43.69952521,2010,September,113,Weston
-79.51457615,43.69952521,2010,September,113,Weston
-79.51546025,43.7578622,2010,October,24,Black Creek
-79.4335353,43.6343689,2010,October,85,South Parkdale
-79.3593015499999,43.66092803,2010,October,72,Regent Park
-79.3593015499999,43.66092803,2010,October,72,Regent Park
-79.27699095,43.70239059,2010,October,121,Oakridge
-79.3620225399999,43.65759676,2010,October,72,Regent Park
-79.35374777,43.6636699100001,2010,October,70,South Riverdale
-79.4145751199999,43.77169774,2010,November,37,Willowdale West
-79.3530264199999,43.7873388400001,2010,November,47,Don Valley Village
-79.50339745,43.7410703,2010,November,25,Glenfield-Jane Heights
-79.2296315199999,43.7603830400001,2010,November,142,Woburn North
-79.39179086,43.6447423500001,2010,November,164,Wellington Place
-79.35815883,43.6611918200001,2010,November,72,Regent Park
-79.2993560799999,43.68356935,2010,December,62,East End-Danforth
-79.4909339599999,43.67124454,2010,December,111,Rockcliffe-Smythe
-79.34138354,43.70801163,2010,December,55,Thorncliffe Park
-79.39967303,43.64806136,2011,January,164,Wellington Place
-79.2788523899999,43.7327475600001,2011,January,125,Ionview
-79.19473833,43.7620081200001,2011,January,136,West Hill
-79.39660216,43.6747187500001,2011,January,95,Annex
-79.43938277,43.7043572200001,2011,January,108,Briar Hill-Belgravia
-79.37834341,43.6662791200001,2011,January,71,Cabbagetown-South St.James Town
-79.54751586,43.7509754500001,2011,February,21,Humber Summit
-79.48758849,43.74960108,2011,February,27,York University Heights
-79.48177414,43.69245528,2011,February,112,Beechborough-Greenbrook
-79.22119656,43.75959965,2011,February,141,Golfdale-Cedarbrae-Woburn
-79.50945835,43.6972969500001,2011,February,113,Weston
-79.23004851,43.79207102,2011,February,146,Malvern East
-79.21766249,43.79811627,2011,February,146,Malvern East
-79.50149891,43.6648788000001,2011,March,114,Lambton Baby Point
-79.4278567599999,43.66721461,2011,March,172,Dovercourt Village
-79.55215271,43.69579012,2011,March,6,Kingsview Village-The Westway
-79.43727066,43.63691985,2011,March,85,South Parkdale
-79.31220745,43.6680252,2011,March,63,The Beaches
-79.25560589,43.7350683600001,2011,March,138,Eglinton East
-79.32496173,43.6865932700001,2011,April,66,Danforth
-79.5021526899999,43.76548697,2011,April,27,York University Heights
-79.55968601,43.7133118200001,2011,April,4,Rexdale-Kipling
-79.3314089199999,43.7931003200001,2011,May,147,L'Amoreaux West
-79.5928189799999,43.7390724000001,2011,May,2,Mount Olive-Silverstone-Jamestown
-79.5164867399999,43.75250263,2011,June,25,Glenfield-Jane Heights
-79.3043833199999,43.72888607,2011,July,119,Wexford/Maryvale
-79.2221049999999,43.7424814600001,2011,July,139,Scarborough Village
-79.56407654,43.6524496700001,2011,July,158,Islington
-79.49313857,43.68829879,2011,July,115,Mount Dennis
-79.50820659,43.6911179300001,2011,July,115,Mount Dennis
-79.48369812,43.7262746600001,2011,August,155,Downsview
-79.49322891,43.7427690600001,2011,August,155,Downsview
-79.4364422199999,43.74121374,2011,August,33,Clanton Park
-79.50149891,43.6648788000001,2011,August,114,Lambton Baby Point
-79.24984992,43.7725193800001,2011,September,142,Woburn North
-79.26812656,43.7069928600001,2011,September,120,Clairlea-Birchmount
-79.4159353699999,43.6471782900001,2011,October,81,Trinity-Bellwoods
-79.42285012,43.6412319200001,2011,October,84,Little Portugal
-79.3014674999999,43.71725545,2011,October,43,Victoria Village
-79.30060509,43.69437249,2011,October,61,Taylor-Massey
-79.5109335,43.7620786100001,2011,October,24,Black Creek
-79.2633665499999,43.7125552900001,2011,October,120,Clairlea-Birchmount
-79.57615823,43.64849529,2011,October,13,Etobicoke West Mall
-79.50860799,43.73003685,2011,October,154,Oakdale-Beverley Heights
-79.32291693,43.6523418900001,2011,November,70,South Riverdale
-79.5038346599999,43.7028718400001,2011,December,28,Rustic
-79.40746297,43.7824923200001,2011,December,50,Newtonbrook East
-79.42386384,43.73936866,2011,December,39,Bedford Park-Nortown
-79.35833029,43.66258988,2011,December,72,Regent Park
-79.20562524,43.7640436500001,2011,December,141,Golfdale-Cedarbrae-Woburn
-79.39906324,43.6524637200001,2011,December,78,Kensington-Chinatown
-79.2827611,43.7279399400001,2012,January,120,Clairlea-Birchmount
-79.4171069499999,43.6386438600001,2012,January,163,Fort York-Liberty Village
-79.36575487,43.7061393500001,2012,January,56,Leaside-Bennington
-79.2778560799999,43.7299559800001,2012,January,125,Ionview
-79.22092115,43.8055731800001,2012,January,145,Malvern West
-79.43609672,43.65447879,2012,January,83,Dufferin Grove
-79.42542116,43.7574613900001,2012,February,38,Lansing-Westgate
-79.42542116,43.7574613900001,2012,February,38,Lansing-Westgate
-79.31478528,43.7845888900001,2012,February,147,L'Amoreaux West
-79.40934165,43.7662448200001,2012,March,151,Yonge-Doris
-79.51963926,43.6493958200001,2012,March,15,Kingsway South
-79.48762429,43.6727538700001,2012,April,111,Rockcliffe-Smythe
-79.3058887999999,43.73254489,2012,April,119,Wexford/Maryvale
-79.4652448799999,43.65753812,2012,April,88,High Park North
-79.44141286,43.72315167,2012,May,32,Englemount-Lawrence
-79.28038739,43.7032802000001,2012,May,121,Oakridge
-79.4033177699999,43.6979211400001,2012,May,100,Yonge-Eglinton
-79.50149891,43.6648788000001,2012,May,114,Lambton Baby Point
-79.37069017,43.6507260400001,2012,May,73,Moss Park
-79.15463684,43.78519206,2012,May,133,Centennial Scarborough
-79.37997035,43.6540566100001,2012,June,168,Downtown Yonge East
-79.37997035,43.6540566100001,2012,June,168,Downtown Yonge East
-79.4183253699999,43.6552397500001,2012,June,80,Palmerston-Little Italy
-79.2822541,43.7694153100001,2012,June,126,Dorset Park
-79.40459573,43.7572835500001,2012,June,153,Avondale
-79.35793703,43.67786922,2012,July,67,Playter Estates-Danforth
-79.58342916,43.6333245100001,2012,July,12,Markland Wood
-79.5583480399999,43.6490616500001,2012,July,158,Islington
-79.18487845,43.7648618200001,2012,July,136,West Hill
-79.18487845,43.7648618200001,2012,July,136,West Hill
-79.50572482,43.68740612,2012,July,115,Mount Dennis
-79.4439058299999,43.71947958,2012,July,32,Englemount-Lawrence
-79.2549764299999,43.7812163900001,2012,July,128,Agincourt South-Malvern West
-79.51476374,43.76720514,2012,August,24,Black Creek
-79.21694931,43.8072332400001,2012,August,146,Malvern East
-79.2827611,43.7279399400001,2012,August,120,Clairlea-Birchmount
-79.29802043,43.6788793200001,2012,September,62,East End-Danforth
-79.2061558,43.8092461700001,2012,September,146,Malvern East
-79.44110533,43.7022471700001,2012,September,108,Briar Hill-Belgravia
-79.51512482,43.7470881400001,2012,September,25,Glenfield-Jane Heights
-79.58380099,43.73447858,2012,September,2,Mount Olive-Silverstone-Jamestown
-79.58380099,43.73447858,2012,September,2,Mount Olive-Silverstone-Jamestown
-79.51546025,43.7578622,2012,October,24,Black Creek
-79.23648729,43.77543173,2012,October,142,Woburn North
-79.38071926,43.66355444,2012,October,167,Church-Wellesley
-79.37101139,43.6648135400001,2012,October,71,Cabbagetown-South St.James Town
-79.2135559399999,43.7858822600001,2012,October,135,Morningside
-79.43727066,43.63691985,2012,October,85,South Parkdale
-79.44926911,43.7205075000001,2012,October,31,Yorkdale-Glen Park
-79.49313857,43.68829879,2012,October,115,Mount Dennis
-79.40651625,43.6567157600001,2012,November,79,University
-79.58104549,43.7363420500001,2012,November,2,Mount Olive-Silverstone-Jamestown
-79.3142989899999,43.6796762700001,2012,November,64,Woodbine Corridor
-79.32470614,43.7236922700001,2012,November,44,Flemingdon Park
-79.58342916,43.6333245100001,2012,November,12,Markland Wood
-79.48377829,43.7337781700001,2012,December,155,Downsview
-79.37377428,43.66728915,2012,December,74,North St.James Town
-79.49464569,43.7777118500001,2013,January,27,York University Heights
-79.3593015499999,43.66092803,2013,January,72,Regent Park
-79.5684304599999,43.6757066700001,2013,January,7,Willowridge-Martingrove-Richview
-79.42379453,43.6702653900001,2013,January,172,Dovercourt Village
-79.356962,43.7870087700001,2013,February,47,Don Valley Village
-79.33347933,43.81572313,2013,February,116,Steeles
-79.33347933,43.81572313,2013,February,116,Steeles
-79.42492533,43.63268055,2013,February,163,Fort York-Liberty Village
-79.51668932,43.7518500300001,2013,February,25,Glenfield-Jane Heights
-79.58641341,43.7325012900001,2013,February,2,Mount Olive-Silverstone-Jamestown
-79.54230487,43.7684448300001,2013,February,21,Humber Summit
-79.45528339,43.6930205400001,2013,March,109,Caledonia-Fairbank
-79.5702312499999,43.72654299,2013,March,4,Rexdale-Kipling
-79.30219988,43.7437542500001,2013,March,119,Wexford/Maryvale
-79.37115814,43.66398867,2013,March,71,Cabbagetown-South St.James Town
-79.40009344,43.6444477900001,2013,March,164,Wellington Place
-79.45707743,43.7247417300001,2013,March,31,Yorkdale-Glen Park
-79.35833029,43.66258988,2013,April,72,Regent Park
-79.21489387,43.81888639,2013,April,144,Morningside Heights
-79.42542116,43.7574613900001,2013,April,38,Lansing-Westgate
-79.51886989,43.7385742800001,2013,April,25,Glenfield-Jane Heights
-79.2637076,43.6920648,2013,April,122,Birchcliffe-Cliffside
-79.30035407,43.7125118700001,2013,May,54,O'Connor-Parkview
-79.42138001,43.65095208,2013,May,81,Trinity-Bellwoods
-79.4821350299999,43.68062582,2013,May,111,Rockcliffe-Smythe
-79.21988185,43.82190316,2013,May,144,Morningside Heights
-79.2816987099999,43.80845778,2013,June,129,Agincourt North
-79.41092102,43.76969754,2013,June,151,Yonge-Doris
-79.35721735,43.6829197600001,2013,June,57,Broadview North
-79.45021402,43.7530612200001,2013,July,33,Clanton Park
-79.37135298,43.6590671600001,2013,July,73,Moss Park
-79.41632218,43.78290939,2013,July,50,Newtonbrook East
-79.41004944,43.64418836,2013,July,162,West Queen West
-79.5802494599999,43.64316898,2013,July,12,Markland Wood
-79.5802494599999,43.64316898,2013,July,12,Markland Wood
-79.5802494599999,43.64316898,2013,July,12,Markland Wood
-79.5163405,43.7518865600001,2013,July,25,Glenfield-Jane Heights
-79.47105024,43.63825444,2013,August,87,High Park-Swansea
-79.5456359299999,43.7213120800001,2013,August,5,Elms-Old Rexdale
-79.51044558,43.74922073,2013,August,25,Glenfield-Jane Heights
-79.51044558,43.74922073,2013,August,25,Glenfield-Jane Heights
-79.52831656,43.70453926,2013,September,113,Weston
-79.3649435899999,43.8043217000001,2013,September,48,Hillcrest Village
-79.32394038,43.68329271,2013,September,66,Danforth
-79.57040564,43.67633225,2013,September,7,Willowridge-Martingrove-Richview
-79.4676922899999,43.69170989,2013,September,112,Beechborough-Greenbrook
-79.36694949,43.65649381,2013,September,73,Moss Park
-79.38464734,43.6504346900001,2013,October,170,Yonge-Bay Corridor
-79.51950622,43.7025116,2013,October,113,Weston
-79.39892256,43.6551318400001,2013,October,78,Kensington-Chinatown
-79.36398868,43.6598634900001,2013,November,72,Regent Park
-79.4219627699999,43.6727121800001,2013,November,94,Wychwood
-79.29802043,43.6788793200001,2013,November,62,East End-Danforth
-79.5842403899999,43.75115706,2013,November,2,Mount Olive-Silverstone-Jamestown
-79.39527051,43.7301616400001,2013,November,105,Lawrence Park North
-79.51009895,43.7115029300001,2013,December,23,Pelmo Park-Humberlea
-79.2721898999999,43.82426737,2013,December,130,Milliken
-79.37377428,43.66728915,2014,January,74,North St.James Town
-79.28975608,43.75950235,2014,January,126,Dorset Park
-79.2218199599999,43.7703356900001,2014,January,141,Golfdale-Cedarbrae-Woburn
-79.51734154,43.6946070600001,2014,January,8,Humber Heights-Westmount
-79.3787659399999,43.65431577,2014,January,168,Downtown Yonge East
-79.2973907699999,43.7030035400001,2014,February,54,O'Connor-Parkview
-79.30226258,43.76947238,2014,February,119,Wexford/Maryvale
-79.40439249,43.7336586800001,2014,February,105,Lawrence Park North
-79.55299342,43.60886207,2014,February,20,Alderwood
-79.5798746,43.7386479,2014,February,2,Mount Olive-Silverstone-Jamestown
-79.3363682899999,43.7183752700001,2014,March,44,Flemingdon Park
-79.5218469499999,43.6335285100001,2014,March,159,Etobicoke City Centre
-79.33004679,43.68013102,2014,March,65,Greenwood-Coxwell
-79.35164308,43.6619733900001,2014,March,70,South Riverdale
-79.2296315199999,43.7603830400001,2014,March,142,Woburn North
-79.30921367,43.68567061,2014,March,62,East End-Danforth
-79.30921367,43.68567061,2014,March,62,East End-Danforth
-79.45236684,43.6684799000001,2014,March,91,Weston-Pelham Park
-79.36805348,43.6644572500001,2014,April,71,Cabbagetown-South St.James Town
-79.21301749,43.8190881300001,2014,April,144,Morningside Heights
-79.44530997,43.6967586100001,2014,May,107,Oakwood Village
-79.3272439,43.6745299200001,2014,May,65,Greenwood-Coxwell
-79.29001497,43.80973176,2014,June,129,Agincourt North
-79.37397666,43.6585106700001,2014,July,73,Moss Park
-79.4472319,43.71885288,2014,July,31,Yorkdale-Glen Park
-79.32705448,43.78386791,2014,July,147,L'Amoreaux West
-79.56971993,43.65158597,2014,August,13,Etobicoke West Mall
-79.49881935,43.68447022,2014,August,115,Mount Dennis
-79.39448378,43.64402406,2014,August,164,Wellington Place
-79.4268547,43.6617303800001,2014,August,172,Dovercourt Village
-79.36955832,43.6681684600001,2014,September,71,Cabbagetown-South St.James Town
-79.5038346599999,43.7028718400001,2014,September,30,Brookhaven-Amesbury
-79.29676814,43.68929898,2014,September,62,East End-Danforth
-79.3947861199999,43.76020936,2014,September,40,St.Andrew-Windfields
-79.53034496,43.6469847700001,2014,September,159,Etobicoke City Centre
-79.22532108,43.75981655,2014,September,141,Golfdale-Cedarbrae-Woburn
-79.3516538499999,43.78764304,2014,September,47,Don Valley Village
-79.50044567,43.7620719000001,2014,September,27,York University Heights
-79.58437608,43.74798715,2014,September,2,Mount Olive-Silverstone-Jamestown
-79.3313457099999,43.68170366,2014,September,66,Danforth
-79.22055842,43.7428288200001,2014,September,139,Scarborough Village
-79.4449970599999,43.6960648200001,2014,September,107,Oakwood Village
-79.47407222,43.6788930500001,2014,October,90,Junction Area
-79.36374886,43.6572161,2014,October,72,Regent Park
-79.54575318,43.70117781,2014,October,6,Kingsview Village-The Westway
-79.54575318,43.70117781,2014,October,6,Kingsview Village-The Westway
-79.36115036,43.7907302200001,2014,October,47,Don Valley Village
-79.43869632,43.6676546400001,2014,October,171,Junction-Wallace Emerson
-79.4864487,43.7447713400001,2014,October,155,Downsview
-79.47123748,43.6904965800001,2014,November,110,Keelesdale-Eglinton West
-79.3860564299999,43.6552343800001,2014,November,170,Yonge-Bay Corridor
-79.34138354,43.70801163,2014,November,55,Thorncliffe Park
-79.34138354,43.70801163,2014,November,55,Thorncliffe Park
-79.34138354,43.70801163,2014,November,55,Thorncliffe Park
-79.37377428,43.66728915,2014,December,74,North St.James Town
-79.25482218,43.7455174900001,2014,December,157,Bendale South
-79.46821933,43.65632622,2014,December,88,High Park North
-79.42493153,43.6433599200001,2014,December,84,Little Portugal
-79.37671331,43.66241268,2015,January,167,Church-Wellesley
-79.5962214799999,43.74143135,2015,January,1,West Humber-Clairville
-79.4126711,43.78133031,2015,January,50,Newtonbrook East
-79.44926911,43.7205075000001,2015,January,31,Yorkdale-Glen Park
-79.40545063,43.6508829100001,2015,January,78,Kensington-Chinatown
-79.26220606,43.71254894,2015,February,120,Clairlea-Birchmount
-79.3208879599999,43.6839382300001,2015,February,64,Woodbine Corridor
-79.3208879599999,43.6839382300001,2015,February,64,Woodbine Corridor
-79.5486724099999,43.7013181,2015,March,6,Kingsview Village-The Westway
-79.4832639699999,43.6205055,2015,March,161,Humber Bay Shores
-79.57040564,43.67633225,2015,March,7,Willowridge-Martingrove-Richview
-79.58380099,43.73447858,2015,March,2,Mount Olive-Silverstone-Jamestown
-79.30335812,43.6951507700001,2015,April,61,Taylor-Massey
-79.43957083,43.6782521700001,2015,April,92,Corso Italia-Davenport
-79.2637076,43.6920648,2015,April,122,Birchcliffe-Cliffside
-79.18255246,43.7630192500001,2015,May,136,West Hill
-79.4531572399999,43.6657799600001,2015,May,171,Junction-Wallace Emerson
-79.32476486,43.6831108700001,2015,May,66,Danforth
-79.44774438,43.6597733400001,2015,May,171,Junction-Wallace Emerson
-79.2352638999999,43.75771567,2015,May,141,Golfdale-Cedarbrae-Woburn
-79.31240543,43.68947229,2015,May,60,Woodbine-Lumsden
-79.2352638999999,43.75771567,2015,June,141,Golfdale-Cedarbrae-Woburn
-79.3777553899999,43.6519573,2015,June,168,Downtown Yonge East
-79.49415781,43.6725805300001,2015,June,111,Rockcliffe-Smythe
-79.42285012,43.6412319200001,2015,June,84,Little Portugal
-79.42285012,43.6412319200001,2015,June,84,Little Portugal
-79.58380099,43.73447858,2015,July,2,Mount Olive-Silverstone-Jamestown
-79.4485117099999,43.6685849300001,2015,July,171,Junction-Wallace Emerson
-79.22679067,43.7300167400001,2015,July,123,Cliffcrest
-79.37206804,43.67070052,2015,August,74,North St.James Town
-79.4226228799999,43.6327429,2015,August,163,Fort York-Liberty Village
-79.4226228799999,43.6327429,2015,August,163,Fort York-Liberty Village
-79.46369835,43.6758741400001,2015,August,91,Weston-Pelham Park
-79.3816311799999,43.6544211200001,2015,August,170,Yonge-Bay Corridor
-79.37021334,43.65848384,2015,August,73,Moss Park
-79.50411114,43.71413062,2015,August,28,Rustic
-79.50085045,43.6779723500001,2015,September,111,Rockcliffe-Smythe
-79.1964314099999,43.7661440700001,2015,September,136,West Hill
-79.21206073,43.7895421800001,2015,September,135,Morningside
-79.1545932499999,43.7935736800001,2015,October,134,Highland Creek
-79.2222574899999,43.7510204000001,2015,October,141,Golfdale-Cedarbrae-Woburn
-79.59556249,43.6867511900001,2015,October,1,West Humber-Clairville
-79.38410773,43.6684641100001,2015,October,167,Church-Wellesley
-79.35531535,43.7166168100001,2015,November,56,Leaside-Bennington
-79.31190314,43.6803699600001,2015,November,64,Woodbine Corridor
-79.27361267,43.71325935,2015,November,120,Clairlea-Birchmount
-79.31072707,43.77706418,2015,November,118,Tam O'Shanter-Sullivan
-79.37377428,43.66728915,2015,November,74,North St.James Town
-79.60383053,43.73115619,2015,November,1,West Humber-Clairville
-79.2868864499999,43.6967616700001,2015,November,121,Oakridge
-79.58211226,43.7432574900001,2015,November,3,Thistletown-Beaumond Heights
-79.39331907,43.64672612,2015,December,164,Wellington Place
-79.3399097399999,43.7760529400001,2015,December,53,Henry Farm
-79.3805775,43.6464145900001,2015,December,170,Yonge-Bay Corridor
-79.34138354,43.70801163,2015,December,55,Thorncliffe Park
-79.38157518,43.6600802900001,2015,December,168,Downtown Yonge East
-79.57207364,43.7559688000001,2015,December,21,Humber Summit
-79.4208665099999,43.68618824,2015,December,106,Humewood-Cedarvale
-79.3977902199999,43.7013855000001,2015,December,100,Yonge-Eglinton
-79.29129504,43.69313865,2016,January,61,Taylor-Massey
-79.4104841399999,43.7965246900001,2016,January,50,Newtonbrook East
-79.50864433,43.6000079200001,2016,January,18,New Toronto
-79.33312856,43.7981694000001,2016,January,147,L'Amoreaux West
-79.54348963,43.67198913,2016,January,10,Princess-Rosethorn
-79.2536497199999,43.77167244,2016,January,156,Bendale-Glen Andrew
-79.4658081699999,43.7082310100001,2016,January,31,Yorkdale-Glen Park
-79.58174802,43.7377736500001,2016,January,2,Mount Olive-Silverstone-Jamestown
-79.3992277199999,43.6558452100001,2016,January,78,Kensington-Chinatown
-79.3992277199999,43.6558452100001,2016,January,78,Kensington-Chinatown
-79.56971993,43.65158597,2016,February,13,Etobicoke West Mall
-79.21865095,43.8065308600001,2016,February,146,Malvern East
-79.21865095,43.8065308600001,2016,February,146,Malvern East
-79.21865095,43.8065308600001,2016,February,146,Malvern East
-79.21865095,43.8065308600001,2016,February,146,Malvern East
-79.30493587,43.71598062,2016,February,43,Victoria Village
-79.5038346599999,43.7028718400001,2016,February,30,Brookhaven-Amesbury
-79.2123814999999,43.7445979300001,2016,February,139,Scarborough Village
-79.2899154799999,43.7075389500001,2016,February,120,Clairlea-Birchmount
-79.51579787,43.69251216,2016,February,8,Humber Heights-Westmount
-79.2183105399999,43.74529871,2016,February,139,Scarborough Village
-79.39152705,43.6522207100001,2016,March,78,Kensington-Chinatown
-79.30243373,43.79721282,2016,March,148,East L'Amoreaux
-79.51111224,43.7159538400001,2016,March,23,Pelmo Park-Humberlea
-79.3419651,43.6624102700001,2016,March,70,South Riverdale
-79.3634387399999,43.6558247300001,2016,April,72,Regent Park
-79.49652055,43.7485919900001,2016,April,27,York University Heights
-79.38678443,43.67022021,2016,April,167,Church-Wellesley
-79.49674637,43.6122296400001,2016,April,160,Mimico-Queensway
-79.32476486,43.6831108700001,2016,April,66,Danforth
-79.5294028599999,43.7051352300001,2016,April,113,Weston
-79.3529074699999,43.6661545100001,2016,April,68,North Riverdale
-79.34138354,43.70801163,2016,April,55,Thorncliffe Park
-79.31292493,43.7584085400001,2016,April,119,Wexford/Maryvale
-79.31292493,43.7584085400001,2016,April,119,Wexford/Maryvale
-79.5894194799999,43.73201658,2016,May,2,Mount Olive-Silverstone-Jamestown
-79.5894194799999,43.73201658,2016,May,2,Mount Olive-Silverstone-Jamestown
-79.38234267,43.6668029800001,2016,May,167,Church-Wellesley
-79.5403342,43.74271952,2016,June,22,Humbermede
-79.39663505,43.70655007,2016,June,174,South Eglinton-Davisville
-79.4038075,43.6572555600001,2016,July,78,Kensington-Chinatown
-79.4038075,43.6572555600001,2016,July,78,Kensington-Chinatown
-79.43767134,43.6496396200001,2016,July,84,Little Portugal
-79.5201306399999,43.7378005200001,2016,July,154,Oakdale-Beverley Heights
-79.37256279,43.6503169000001,2016,July,168,Downtown Yonge East
-79.25807235,43.75296847,2016,July,157,Bendale South
-79.38192438,43.66952775,2016,July,167,Church-Wellesley
-79.33443371,43.67726343,2016,August,69,Blake-Jones
-79.3734549499999,43.6572976900001,2016,August,73,Moss Park
-79.4127063299999,43.6419055900001,2016,August,162,West Queen West
-79.22282061,43.73957577,2016,August,139,Scarborough Village
-79.22282061,43.73957577,2016,August,139,Scarborough Village
-79.22282061,43.73957577,2016,August,139,Scarborough Village
-79.35289985,43.6604885300001,2016,August,70,South Riverdale
-79.4253333,43.6373398100001,2016,September,85,South Parkdale
-79.4997038,43.7677953300001,2016,September,27,York University Heights
-79.45736952,43.66972272,2016,September,91,Weston-Pelham Park
-79.25362418,43.7745768,2016,September,156,Bendale-Glen Andrew
-79.61077713,43.7339786000001,2016,September,1,West Humber-Clairville
-79.5177866499999,43.7005943,2016,October,113,Weston
-79.6001525199999,43.74702948,2016,October,1,West Humber-Clairville
-79.55637202,43.69952383,2016,October,6,Kingsview Village-The Westway
-79.20562524,43.7640436500001,2016,October,141,Golfdale-Cedarbrae-Woburn
-79.41242955,43.6550065700001,2016,November,81,Trinity-Bellwoods
-79.3135195899999,43.7260177000001,2016,November,43,Victoria Village
-79.51928818,43.77026626,2016,November,24,Black Creek
-79.35294135,43.66176404,2016,November,70,South Riverdale
-79.44156413,43.7506327500001,2016,December,33,Clanton Park
-79.52690232,43.7553063600001,2016,December,25,Glenfield-Jane Heights
-79.3427281199999,43.6937325700001,2016,December,58,Old East York
-79.2196900499999,43.74501403,2016,December,139,Scarborough Village
-79.43167718,43.6527372300001,2016,December,83,Dufferin Grove
-79.5166556999999,43.69914436,2016,December,113,Weston
-79.54924116,43.70256621,2016,December,6,Kingsview Village-The Westway
-79.36962756,43.65719355,2016,December,73,Moss Park
-79.3679361499999,43.6548484200001,2017,January,73,Moss Park
-79.56921772,43.7562233100001,2017,January,21,Humber Summit
-79.5147546699999,43.6092059800001,2017,January,160,Mimico-Queensway
-79.36149468,43.6631523500001,2017,January,72,Regent Park
-79.37107514,43.65159849,2017,January,73,Moss Park
-79.5170711599999,43.75484813,2017,February,25,Glenfield-Jane Heights
-79.34237567,43.6829136100001,2017,February,66,Danforth
-79.41557607,43.7748847500001,2017,February,37,Willowdale West
-79.5512812599999,43.71671867,2017,February,5,Elms-Old Rexdale
-79.2973907699999,43.7030035400001,2017,February,54,O'Connor-Parkview
-79.3415975999999,43.7044999500001,2017,February,55,Thorncliffe Park
-79.35470378,43.66564013,2017,March,68,North Riverdale
-79.18466338,43.8101954200001,2017,March,144,Morningside Heights
-79.2954572099999,43.70167229,2017,March,61,Taylor-Massey
-79.52085138,43.6909331300001,2017,March,8,Humber Heights-Westmount
-79.33093157,43.7974470500001,2017,April,147,L'Amoreaux West
-79.34358759,43.6602816700001,2017,April,70,South Riverdale
-79.45113725,43.69791059,2017,April,108,Briar Hill-Belgravia
-79.34519196,43.6670888400001,2017,May,70,South Riverdale
-79.34519196,43.6670888400001,2017,May,70,South Riverdale
-79.48287462,43.6883621800001,2017,June,110,Keelesdale-Eglinton West
-79.5572796,43.74768039,2017,June,22,Humbermede
-79.44356096,43.6673219200001,2017,June,171,Junction-Wallace Emerson
-79.3647697599999,43.66044171,2017,July,72,Regent Park
-79.19919414,43.8133094300001,2017,July,144,Morningside Heights
-79.19919414,43.8133094300001,2017,July,144,Morningside Heights
-79.21028273,43.8101984,2017,July,146,Malvern East
-79.45242612,43.7143212600001,2017,July,31,Yorkdale-Glen Park
-79.36945603,43.6545191100001,2017,July,73,Moss Park
-79.35366157,43.6895001500001,2017,July,57,Broadview North
-79.41996024,43.68720197,2017,August,106,Humewood-Cedarvale
-79.50487885,43.75995786,2017,August,27,York University Heights
-79.40651625,43.6567157600001,2017,August,79,University
-79.5178468,43.7501933500001,2017,August,25,Glenfield-Jane Heights
-79.5133460599999,43.7219809600001,2017,August,154,Oakdale-Beverley Heights
-79.54572369,43.7282297,2017,September,5,Elms-Old Rexdale
-79.24552663,43.73944979,2017,September,138,Eglinton East
-79.26446437,43.6981622500001,2017,September,122,Birchcliffe-Cliffside
-79.3431079599999,43.76929319,2017,September,53,Henry Farm
-79.2855494999999,43.76889479,2017,September,126,Dorset Park
-79.38636582,43.6480031200001,2017,September,164,Wellington Place
-79.3603237999999,43.6634202500001,2017,September,72,Regent Park
-79.5133460599999,43.7219809600001,2017,September,154,Oakdale-Beverley Heights
-79.35494779,43.64121572,2017,October,70,South Riverdale
-79.35494779,43.64121572,2017,October,70,South Riverdale
-79.56978664,43.7251750400001,2017,October,4,Rexdale-Kipling
-79.5473517,43.69461419,2017,October,6,Kingsview Village-The Westway
-79.31594918,43.6975190000001,2017,October,60,Woodbine-Lumsden
-79.5518464899999,43.69788407,2017,October,6,Kingsview Village-The Westway
-79.42543719,43.6677542900001,2017,October,172,Dovercourt Village
-79.5529797199999,43.7514332800001,2017,October,21,Humber Summit
-79.3423868,43.7051428500001,2017,October,55,Thorncliffe Park
-79.30493587,43.71598062,2017,October,43,Victoria Village
-79.36601253,43.6594348400001,2017,November,72,Regent Park
-79.51940101,43.70103255,2017,November,113,Weston
-79.20177439,43.8133362300001,2017,November,144,Morningside Heights
-79.3814099099999,43.6668253300001,2017,November,167,Church-Wellesley
-79.22322781,43.74045885,2017,December,139,Scarborough Village
-79.15053808,43.7764556400001,2017,December,133,Centennial Scarborough
-79.2112059299999,43.8118508200001,2017,December,146,Malvern East
-79.38217918,43.75788343,2017,December,40,St.Andrew-Windfields
-79.38217918,43.75788343,2017,December,40,St.Andrew-Windfields
-79.37078557,43.6478303000001,2017,December,166,St Lawrence-East Bayfront-The Islands
-79.34138354,43.70801163,2017,December,55,Thorncliffe Park
-79.34138354,43.70801163,2017,December,55,Thorncliffe Park
-79.56320142,43.68149133,2018,January,7,Willowridge-Martingrove-Richview
-79.51701309,43.69402122,2018,January,8,Humber Heights-Westmount
-79.56841471,43.6593906900001,2018,January,11,Eringate-Centennial-West Deane
-79.56841471,43.6593906900001,2018,January,11,Eringate-Centennial-West Deane
-79.3837124,43.66451369,2018,January,167,Church-Wellesley
-79.38738585,43.7807197400001,2018,February,52,Bayview Village
-79.17244463,43.78218551,2018,February,133,Centennial Scarborough
-79.4170865899999,43.6800985300001,2018,February,96,Casa Loma
-79.5204011599999,43.76882055,2018,March,24,Black Creek
-79.34510081,43.76309465,2018,March,150,Fenside-Parkwoods
-79.58793358,43.7452947800001,2018,March,2,Mount Olive-Silverstone-Jamestown
-79.51658143,43.69382045,2018,March,8,Humber Heights-Westmount
-79.45551267,43.71763393,2018,March,31,Yorkdale-Glen Park
-79.45551267,43.71763393,2018,March,31,Yorkdale-Glen Park
-79.31816076,43.7645090400001,2018,April,119,Wexford/Maryvale
-79.30798068,43.7443491700001,2018,April,119,Wexford/Maryvale
-79.34322242,43.6950234700001,2018,April,58,Old East York
-79.25202762,43.72726556,2018,April,124,Kennedy Park
-79.41055633,43.7599413300001,2018,April,153,Avondale
-79.41055633,43.7599413300001,2018,April,153,Avondale
-79.41055633,43.7599413300001,2018,April,153,Avondale
-79.41055633,43.7599413300001,2018,April,153,Avondale
-79.41055633,43.7599413300001,2018,April,153,Avondale
-79.41055633,43.7599413300001,2018,April,153,Avondale
-79.41055633,43.7599413300001,2018,April,153,Avondale
-79.41055633,43.7599413300001,2018,April,153,Avondale
-79.41055633,43.7599413300001,2018,April,153,Avondale
-79.41055633,43.7599413300001,2018,April,153,Avondale
-79.41055633,43.7599413300001,2018,April,153,Avondale
-79.27874539,43.6747669600001,2018,May,122,Birchcliffe-Cliffside
-79.55016382,43.6733880100001,2018,May,10,Princess-Rosethorn
-79.21618849,43.7754157900001,2018,May,135,Morningside
-79.3785333,43.64838124,2018,May,170,Yonge-Bay Corridor
-79.40530147,43.6703025300001,2018,May,95,Annex
-79.3011778699999,43.67812042,2018,May,62,East End-Danforth
-79.35131725,43.69197817,2018,May,57,Broadview North
-79.39019615,43.6713507000001,2018,May,95,Annex
-79.2242260099999,43.80448757,2018,May,145,Malvern West
-79.3803111,43.6564538100001,2018,May,168,Downtown Yonge East
-79.5093945199999,43.6025804400001,2018,June,18,New Toronto
-79.43290963,43.6478107200001,2018,June,84,Little Portugal
-79.4096014,43.6452913100001,2018,June,162,West Queen West
-79.4355444,43.64466444,2018,June,86,Roncesvalles
-79.2491735899999,43.7191851200001,2018,June,123,Cliffcrest
-79.38581958,43.6715705,2018,June,98,Rosedale-Moore Park
-79.5888369799999,43.7357290100001,2018,June,2,Mount Olive-Silverstone-Jamestown
-79.44354801,43.71877318,2018,June,32,Englemount-Lawrence
-79.5758644699999,43.73829098,2018,June,3,Thistletown-Beaumond Heights
-79.5758644699999,43.73829098,2018,June,3,Thistletown-Beaumond Heights
-79.37135298,43.6590671600001,2018,June,73,Moss Park
-79.39369866,43.6493449700001,2018,June,78,Kensington-Chinatown
-79.39369866,43.6493449700001,2018,June,78,Kensington-Chinatown
-79.4023323499999,43.65522887,2018,July,78,Kensington-Chinatown
-79.33237918,43.6814780400001,2018,July,65,Greenwood-Coxwell
-79.28855913,43.7043745300001,2018,July,120,Clairlea-Birchmount
-79.51522778,43.7681488200001,2018,July,24,Black Creek
-79.51622058,43.7701264500001,2018,July,24,Black Creek
-79.34770514,43.6568504800001,2018,July,70,South Riverdale
-79.35147435,43.67804611,2018,July,67,Playter Estates-Danforth
-79.35147435,43.67804611,2018,July,67,Playter Estates-Danforth
-79.56886444,43.7547034300001,2018,July,21,Humber Summit
-79.5088959299999,43.60153166,2018,August,18,New Toronto
-79.58904119,43.73438057,2018,August,2,Mount Olive-Silverstone-Jamestown
-79.55446079,43.6937850200001,2018,August,6,Kingsview Village-The Westway
-79.55689984,43.6101198200001,2018,August,159,Etobicoke City Centre
-79.55689984,43.6101198200001,2018,August,159,Etobicoke City Centre
-79.36502244,43.6524430900001,2018,August,73,Moss Park
-79.3407278399999,43.68011784,2018,August,66,Danforth
-79.5008873899999,43.69129537,2018,August,115,Mount Dennis
-79.51619757,43.70015197,2018,August,113,Weston
-79.24282227,43.8117816700001,2018,August,145,Malvern West
-79.35783269,43.6619747400001,2018,August,72,Regent Park
-79.27554407,43.7015070800001,2018,August,120,Clairlea-Birchmount
-79.2101661,43.80913851,2018,September,146,Malvern East
-79.40328612,43.6357306200001,2018,September,163,Fort York-Liberty Village
-79.4631705199999,43.6740050400001,2018,September,91,Weston-Pelham Park
-79.4355444,43.64466444,2018,September,86,Roncesvalles
-79.56858671,43.6843023100001,2018,September,7,Willowridge-Martingrove-Richview
-79.2320525499999,43.7430322100001,2018,September,138,Eglinton East
-79.26222842,43.7882030700001,2018,September,128,Agincourt South-Malvern West
-79.4178198399999,43.78897168,2018,September,50,Newtonbrook East
-79.34454404,43.7723424800001,2018,September,53,Henry Farm
-79.36299801,43.66008107,2018,September,72,Regent Park
-79.49464569,43.7777118500001,2018,October,27,York University Heights
-79.29878906,43.78369574,2018,October,118,Tam O'Shanter-Sullivan
-79.3474438699999,43.6594136200001,2018,October,70,South Riverdale
-79.48909235,43.7348565500001,2018,October,155,Downsview
-79.3766988799999,43.6569575400001,2018,October,168,Downtown Yonge East
-79.28629162,43.69907019,2018,October,120,Clairlea-Birchmount
-79.2645509,43.73276465,2018,October,124,Kennedy Park
-79.5304371399999,43.71946574,2018,November,23,Pelmo Park-Humberlea
-79.36900509,43.65461429,2018,November,73,Moss Park
-79.188074,43.76726367,2018,November,136,West Hill
-79.37445106,43.6601961800001,2018,December,73,Moss Park
-79.5486724099999,43.7013181,2018,December,6,Kingsview Village-The Westway
-79.51777127,43.75900983,2018,December,24,Black Creek
-79.39764343,43.64494841,2018,December,164,Wellington Place
-79.5839050399999,43.7510966200001,2018,December,2,Mount Olive-Silverstone-Jamestown
-79.25202762,43.72726556,2019,January,124,Kennedy Park
-79.26980481,43.7110752200001,2019,January,120,Clairlea-Birchmount
-79.5599347099999,43.7228443000001,2019,January,4,Rexdale-Kipling
-79.2873449799999,43.7698080000001,2019,January,126,Dorset Park
-79.48624276,43.6698551900001,2019,January,111,Rockcliffe-Smythe
-79.3634387399999,43.6558247300001,2019,February,72,Regent Park
-79.47999573,43.6239838700001,2019,February,161,Humber Bay Shores
-79.19489042,43.76648973,2019,February,136,West Hill
-79.55597987,43.7169414200001,2019,February,4,Rexdale-Kipling
-79.58037067,43.73495345,2019,February,2,Mount Olive-Silverstone-Jamestown
-79.3912232499999,43.71112256,2019,March,173,North Toronto
-79.40851244,43.70459226,2019,March,100,Yonge-Eglinton
-79.48591156,43.7384657100001,2019,March,155,Downsview
-79.45784714,43.6690289200001,2019,March,91,Weston-Pelham Park
-79.55425841,43.67835333,2019,March,7,Willowridge-Martingrove-Richview
-79.45097831,43.6584185500001,2019,March,171,Junction-Wallace Emerson
-79.29007776,43.7872446000001,2019,April,118,Tam O'Shanter-Sullivan
-79.38027515,43.6486444600001,2019,April,170,Yonge-Bay Corridor
-79.4779182899999,43.68864374,2019,April,110,Keelesdale-Eglinton West
-79.4386879099999,43.69144147,2019,April,107,Oakwood Village
-79.5793750399999,43.65579681,2019,April,11,Eringate-Centennial-West Deane
-79.21300106,43.7746506,2019,April,135,Morningside
-79.5903674099999,43.7340051900001,2019,May,1,West Humber-Clairville
-79.56606207,43.76058053,2019,May,21,Humber Summit
-79.19874013,43.7462932600001,2019,May,140,Guildwood
-79.43171706,43.6640477600001,2019,May,172,Dovercourt Village
-79.3732509,43.65372288,2019,June,73,Moss Park
-79.3870636299999,43.6685331400001,2019,June,169,Bay-Cloverhill
-79.3204085899999,43.76076972,2019,June,150,Fenside-Parkwoods
-79.18487845,43.7648618200001,2019,June,136,West Hill
-79.50288268,43.6886992500001,2019,June,115,Mount Dennis
-79.50288268,43.6886992500001,2019,June,115,Mount Dennis
-79.39331907,43.64672612,2019,June,164,Wellington Place
-79.36900509,43.65461429,2019,July,73,Moss Park
-79.4316687199999,43.66065503,2019,July,172,Dovercourt Village
-79.50475341,43.7157347200001,2019,August,28,Rustic
-79.4276975499999,43.6812936800001,2019,August,94,Wychwood
-79.3014674999999,43.71725545,2019,August,43,Victoria Village
-79.44947279,43.6490611300001,2019,August,86,Roncesvalles
-79.53368757,43.71359821,2019,August,23,Pelmo Park-Humberlea
-79.50277324,43.6920447300001,2019,August,115,Mount Dennis
-79.55805406,43.7599929200001,2019,August,21,Humber Summit
-79.25161131,43.7549169100001,2019,September,156,Bendale-Glen Andrew
-79.5062639,43.7212370300001,2019,September,154,Oakdale-Beverley Heights
-79.17474205,43.7906247500001,2019,September,134,Highland Creek
-79.45317635,43.7069765100001,2019,September,31,Yorkdale-Glen Park
-79.26040624,43.82071024,2019,September,130,Milliken
-79.2889229199999,43.7719364000001,2019,September,126,Dorset Park
-79.56800516,43.65127463,2019,September,13,Etobicoke West Mall
-79.38468439,43.66776637,2019,September,167,Church-Wellesley
-79.5885579499999,43.7566777000001,2019,September,2,Mount Olive-Silverstone-Jamestown
-79.51248285,43.74773351,2019,October,25,Glenfield-Jane Heights
-79.51248285,43.74773351,2019,October,25,Glenfield-Jane Heights
-79.38480322,43.6476559500001,2019,October,170,Yonge-Bay Corridor
-79.316265,43.6982172200001,2019,October,60,Woodbine-Lumsden
-79.5875915,43.7368811900001,2019,October,2,Mount Olive-Silverstone-Jamestown
-79.35845383,43.81105889,2019,October,48,Hillcrest Village
-79.47105024,43.63825444,2019,October,87,High Park-Swansea
-79.39087649,43.6994868300001,2019,October,174,South Eglinton-Davisville
-79.4030140199999,43.6676922300001,2019,October,95,Annex
-79.55615039,43.61421138,2019,November,159,Etobicoke City Centre
-79.2996930899999,43.6946753300001,2019,November,61,Taylor-Massey
-79.50472529,43.70434413,2019,November,113,Weston
-79.44004592,43.69182728,2019,November,107,Oakwood Village
-79.24467607,43.7450086800001,2019,November,138,Eglinton East
-79.54270565,43.75333003,2019,December,21,Humber Summit
-79.3017697399999,43.7471020200001,2019,December,119,Wexford/Maryvale
-79.60272672,43.7237208400001,2019,December,1,West Humber-Clairville
-79.23375269,43.71703505,2019,December,123,Cliffcrest
-79.36940631,43.79063832,2019,December,49,Bayview Woods-Steeles
-79.48217169,43.72726155,2019,December,155,Downsview
-79.29934459,43.7835887100001,2019,December,118,Tam O'Shanter-Sullivan
-79.5109246499999,43.69893526,2019,December,113,Weston
-79.4060339599999,43.6622545800001,2019,December,79,University
-79.37135298,43.6590671600001,2019,December,73,Moss Park
-79.4366091699999,43.63872666,2019,December,85,South Parkdale
-79.56293289,43.63964743,2019,December,13,Etobicoke West Mall
-79.24121503,43.74219879,2019,December,138,Eglinton East
-79.2251285099999,43.8111668500001,2019,December,145,Malvern West
-79.35868397,43.6624093500001,2020,January,72,Regent Park
-79.20913153,43.7870641800001,2020,January,135,Morningside
-79.30470808,43.7816358000001,2020,January,118,Tam O'Shanter-Sullivan
-79.23175356,43.7764301500001,2020,January,141,Golfdale-Cedarbrae-Woburn
-79.43317302,43.6846409500001,2020,January,107,Oakwood Village
-79.21948774,43.7365973300001,2020,January,139,Scarborough Village
-79.39927827,43.63909305,2020,January,165,Harbourfront-CityPlace
-79.39927827,43.63909305,2020,January,165,Harbourfront-CityPlace
-79.3313457099999,43.68170366,2020,February,66,Danforth
-79.57031397,43.65192911,2020,February,13,Etobicoke West Mall
-79.24848328,43.79184202,2020,February,128,Agincourt South-Malvern West
-79.45863625,43.73091643,2020,February,155,Downsview
-79.4895289899999,43.68698735,2020,March,115,Mount Dennis
-79.27041788,43.7855682000001,2020,March,128,Agincourt South-Malvern West
-79.4474050599999,43.6955477500001,2020,March,107,Oakwood Village
-79.28878635,43.7206800700001,2020,March,120,Clairlea-Birchmount
-79.3800831,43.65590281,2020,March,168,Downtown Yonge East
-79.2307976499999,43.7802622,2020,April,142,Woburn North
-79.31933079,43.7969885300001,2020,April,147,L'Amoreaux West
-79.35044895,43.70264876,2020,April,55,Thorncliffe Park
-79.43250015,43.6802700000001,2020,April,94,Wychwood
-79.3760645,43.7726476400001,2020,April,52,Bayview Village
-79.49977258,43.61644333,2020,April,160,Mimico-Queensway
-79.50688173,43.7403182100001,2020,April,25,Glenfield-Jane Heights
-79.29973426,43.7475395500001,2020,May,119,Wexford/Maryvale
-79.3904717999999,43.6985953600001,2020,May,174,South Eglinton-Davisville
-79.58264006,43.74679595,2020,May,2,Mount Olive-Silverstone-Jamestown
-79.32480939,43.78010412,2020,May,147,L'Amoreaux West
-79.25531093,43.73903255,2020,May,138,Eglinton East
-79.39205737,43.6453667600001,2020,May,164,Wellington Place
-79.5928189799999,43.7390724000001,2020,May,2,Mount Olive-Silverstone-Jamestown
-79.35098706,43.7135924,2020,June,55,Thorncliffe Park
-79.4486320999999,43.6767276,2020,June,92,Corso Italia-Davenport
-79.37220461,43.6676287600001,2020,June,71,Cabbagetown-South St.James Town
-79.33312856,43.7981694000001,2020,July,147,L'Amoreaux West
-79.3733054799999,43.65865354,2020,July,73,Moss Park
-79.25916985,43.7784380300001,2020,July,156,Bendale-Glen Andrew
-79.49375172,43.67166625,2020,July,111,Rockcliffe-Smythe
-79.33466535,43.6868786200001,2020,August,59,Danforth East York
-79.4216318599999,43.6500694200001,2020,August,81,Trinity-Bellwoods
-79.4161220299999,43.64258519,2020,August,162,West Queen West
-79.24479753,43.7441629100001,2020,August,138,Eglinton East
-79.40823534,43.75688287,2020,August,153,Avondale
-79.1862222199999,43.7684028900001,2020,August,136,West Hill
-79.1862222199999,43.7684028900001,2020,August,136,West Hill
-79.37102845,43.65828851,2020,August,73,Moss Park
-79.49083369,43.7504130400001,2020,September,27,York University Heights
-79.5875848599999,43.7279322000001,2020,September,1,West Humber-Clairville
-79.48567466,43.66849524,2020,September,111,Rockcliffe-Smythe
-79.55968601,43.7133118200001,2020,September,1,West Humber-Clairville
-79.52285599,43.7043599100001,2020,September,113,Weston
-79.52285599,43.7043599100001,2020,September,113,Weston
-79.20161508,43.80236826,2020,September,146,Malvern East
-79.52253066,43.7674832000001,2020,September,24,Black Creek
-79.51928818,43.77026626,2020,September,24,Black Creek
-79.58816144,43.7463088200001,2020,September,2,Mount Olive-Silverstone-Jamestown
-79.3558029,43.79243058,2020,September,47,Don Valley Village
-79.50694655,43.70455852,2020,October,113,Weston
-79.49256503,43.7369835600001,2020,October,155,Downsview
-79.4334601099999,43.727474,2020,October,32,Englemount-Lawrence
-79.28630896,43.69120667,2020,October,121,Oakridge
-79.51696223,43.7619646700001,2020,November,24,Black Creek
-79.13744644,43.79212138,2020,November,143,West Rouge
-79.42400291,43.6627156700001,2020,November,172,Dovercourt Village
-79.3130212299999,43.751492,2020,November,149,Parkwoods-O'Connor Hills
-79.4533935699999,43.7079013000001,2020,December,31,Yorkdale-Glen Park
-79.43536217,43.6598775900001,2020,December,83,Dufferin Grove
-79.4047963799999,43.65267221,2020,December,78,Kensington-Chinatown
-79.3221432999999,43.67981933,2020,December,64,Woodbine Corridor
-79.3914972699999,43.70812828,2020,December,173,North Toronto
-79.3564935699999,43.7815982000001,2020,December,47,Don Valley Village
-79.2601843799999,43.7340608700001,2021,January,124,Kennedy Park
-79.5576293999999,43.7487888000001,2021,January,21,Humber Summit
-79.50554178,43.7648662500001,2021,January,27,York University Heights
-79.52763484,43.7013626,2021,January,8,Humber Heights-Westmount
-79.38821168,43.6818583900001,2021,January,98,Rosedale-Moore Park
-79.50475341,43.7157347200001,2021,January,28,Rustic
-79.23217798,43.7952077800001,2021,February,145,Malvern West
-79.30219988,43.7437542500001,2021,February,119,Wexford/Maryvale
-79.46208146,43.71248473,2021,February,31,Yorkdale-Glen Park
-79.30733236,43.6869310700001,2021,February,62,East End-Danforth
-79.5648619,43.6838410600001,2021,February,7,Willowridge-Martingrove-Richview
-79.3733359299999,43.6662275800001,2021,February,71,Cabbagetown-South St.James Town
-79.4940423099999,43.64395947,2021,February,16,Stonegate-Queensway
-79.47039769,43.6912192,2021,February,110,Keelesdale-Eglinton West
-79.27084608,43.7136647900001,2021,March,120,Clairlea-Birchmount
-79.4979708399999,43.6985326500001,2021,March,30,Brookhaven-Amesbury
-79.51044558,43.74922073,2021,March,25,Glenfield-Jane Heights
-79.52560393,43.6995888800001,2021,April,8,Humber Heights-Westmount
-79.3518675399999,43.7970495700001,2021,April,48,Hillcrest Village
-79.35005957,43.69126018,2021,April,57,Broadview North
-79.3172162399999,43.7015451500001,2021,April,54,O'Connor-Parkview
-79.28594715,43.77156796,2021,April,126,Dorset Park
-79.50534135,43.70840838,2021,April,28,Rustic
-79.5687614399999,43.67411322,2021,May,7,Willowridge-Martingrove-Richview
-79.28431547,43.81687479,2021,May,130,Milliken
-79.35098441,43.66034525,2021,May,70,South Riverdale
-79.4187309499999,43.65903123,2021,June,80,Palmerston-Little Italy
-79.21419029,43.7615272400001,2021,June,141,Golfdale-Cedarbrae-Woburn
-79.24381943,43.74395402,2021,June,138,Eglinton East
-79.24505779,43.74322406,2021,June,138,Eglinton East
-79.24381943,43.74395402,2021,June,138,Eglinton East
-79.4814631099999,43.69249868,2021,June,112,Beechborough-Greenbrook
-79.48397161,43.68986304,2021,June,112,Beechborough-Greenbrook
-79.4375228,43.75148661,2021,July,33,Clanton Park
-79.3280819,43.7156069800001,2021,July,44,Flemingdon Park
-79.38376255,43.6557097800001,2021,July,170,Yonge-Bay Corridor
-79.2832466099999,43.7717268000001,2021,July,126,Dorset Park
-79.48875881,43.75450634,2021,July,27,York University Heights
-79.48875881,43.75450634,2021,July,27,York University Heights
-79.53408631,43.71687467,2021,July,23,Pelmo Park-Humberlea
-79.23525618,43.7061819400001,2021,July,123,Cliffcrest
-79.35494779,43.64121572,2021,July,70,South Riverdale
-79.5441617,43.69761594,2021,July,6,Kingsview Village-The Westway
-79.4482585499999,43.6985912600001,2021,July,108,Briar Hill-Belgravia
-79.48852544,43.7054531200001,2021,July,30,Brookhaven-Amesbury
-79.34945465,43.66614488,2021,July,68,North Riverdale
-79.31167633,43.6859435100001,2021,August,62,East End-Danforth
-79.4000121999999,43.6561531900001,2021,August,78,Kensington-Chinatown
-79.4000121999999,43.6561531900001,2021,August,78,Kensington-Chinatown
-79.48897714,43.6977066200001,2021,August,30,Brookhaven-Amesbury
-79.18973651,43.85078973,2021,August,144,Morningside Heights
-79.4708958099999,43.6804648200001,2021,August,110,Keelesdale-Eglinton West
-79.53939847,43.5930934300001,2021,August,19,Long Branch
-79.3892410299999,43.64841255,2021,August,164,Wellington Place
-79.36780279,43.65181198,2021,September,73,Moss Park
-79.48446015,43.78389925,2021,September,27,York University Heights
-79.51720854,43.62420203,2021,September,159,Etobicoke City Centre
-79.2112770099999,43.75112576,2021,September,140,Guildwood
-79.2112770099999,43.75112576,2021,September,140,Guildwood
-79.5128074199999,43.7514667400001,2021,September,25,Glenfield-Jane Heights
-79.2539576299999,43.7248214000001,2021,September,124,Kennedy Park
-79.36097505,43.6619143,2021,September,72,Regent Park
-79.18875726,43.82514301,2021,September,144,Morningside Heights
-79.5903674099999,43.7340051900001,2021,September,1,West Humber-Clairville
-79.32041923,43.67711566,2021,October,64,Woodbine Corridor
-79.20482773,43.79744119,2021,October,146,Malvern East
-79.48758849,43.74960108,2021,October,27,York University Heights
-79.4808566899999,43.7571481800001,2021,October,27,York University Heights
-79.47390812,43.69041488,2021,October,110,Keelesdale-Eglinton West
-79.51371066,43.75418203,2021,October,25,Glenfield-Jane Heights
-79.53368757,43.71359821,2021,October,23,Pelmo Park-Humberlea
-79.29751157,43.7256449600001,2021,October,120,Clairlea-Birchmount
-79.2241732099999,43.80395316,2021,October,145,Malvern West
-79.2810747899999,43.7657958500001,2021,October,126,Dorset Park
-79.50028637,43.7386239100001,2021,October,25,Glenfield-Jane Heights
-79.16298362,43.7939733000001,2021,November,134,Highland Creek
-79.3204179799999,43.7563471500001,2021,November,150,Fenside-Parkwoods
-79.20477951,43.76396047,2021,November,141,Golfdale-Cedarbrae-Woburn
-79.1750166099999,43.80457197,2021,November,143,West Rouge
-79.39189891,43.7055588600001,2021,December,174,South Eglinton-Davisville
-79.2595356799999,43.79211352,2021,December,128,Agincourt South-Malvern West
-79.51044558,43.74922073,2021,December,25,Glenfield-Jane Heights
-79.44354801,43.71877318,2021,December,32,Englemount-Lawrence
-79.48290274,43.6787964600001,2021,December,111,Rockcliffe-Smythe
-79.48566769,43.6850760400001,2021,December,115,Mount Dennis
-79.53535957,43.71031843,2022,January,23,Pelmo Park-Humberlea
-79.53187035,43.6001165500001,2022,January,20,Alderwood
-79.53187035,43.6001165500001,2022,January,20,Alderwood
-79.41659813,43.65570094,2022,January,80,Palmerston-Little Italy
-79.4740349799999,43.6305640800001,2022,January,161,Humber Bay Shores
-79.38315682,43.6710402300001,2022,January,167,Church-Wellesley
-79.55597987,43.7169414200001,2022,January,5,Elms-Old Rexdale
-79.3508686599999,43.6879637600001,2022,January,57,Broadview North
-79.47040205,43.6985619100001,2022,January,30,Brookhaven-Amesbury
-79.40744139,43.7018332100001,2022,January,100,Yonge-Eglinton
-79.5048322499999,43.7480382800001,2022,February,25,Glenfield-Jane Heights
-79.2635136599999,43.75477992,2022,February,156,Bendale-Glen Andrew
-79.4374638099999,43.78502057,2022,February,36,Newtonbrook West
-79.47680739,43.7030208,2022,February,30,Brookhaven-Amesbury
-79.1868623999999,43.77060655,2022,February,136,West Hill
-79.48849365,43.6591320900001,2022,March,89,Runnymede-Bloor West Village
-79.25123515,43.7796793200001,2022,March,142,Woburn North
-79.33215992,43.65987261,2022,March,70,South Riverdale
-79.36790417,43.65721718,2022,April,73,Moss Park
-79.3768506599999,43.6723523800001,2022,April,74,North St.James Town
-79.3734549499999,43.6572976900001,2022,April,73,Moss Park
-79.37960001,43.64209686,2022,April,166,St Lawrence-East Bayfront-The Islands
-79.4699109599999,43.63720442,2022,April,87,High Park-Swansea
-79.58380349,43.7468081000001,2022,April,2,Mount Olive-Silverstone-Jamestown
-79.1990769499999,43.80027433,2022,May,146,Malvern East
-79.50924445,43.72344008,2022,May,154,Oakdale-Beverley Heights
-79.3893803,43.65214538,2022,May,78,Kensington-Chinatown
-79.44278975,43.69729598,2022,June,108,Briar Hill-Belgravia
-79.2110468499999,43.76286021,2022,June,141,Golfdale-Cedarbrae-Woburn
-79.4107451199999,43.76070773,2022,June,38,Lansing-Westgate
-79.33151614,43.8014713700001,2022,June,147,L'Amoreaux West
-79.53403138,43.63844241,2022,June,159,Etobicoke City Centre
-79.51658143,43.69382045,2022,June,8,Humber Heights-Westmount
-79.4651579499999,43.70593998,2022,June,31,Yorkdale-Glen Park
-79.31190314,43.6803699600001,2022,July,64,Woodbine Corridor
-79.47147699,43.76782031,2022,July,27,York University Heights
-79.25355602,43.7779233100001,2022,July,156,Bendale-Glen Andrew
-79.38147201,43.6429066200001,2022,July,166,St Lawrence-East Bayfront-The Islands
-79.4027018799999,43.6439201100001,2022,July,164,Wellington Place
-79.2893084899999,43.7010039,2022,July,120,Clairlea-Birchmount
-79.51212106,43.701085,2022,August,113,Weston
-79.50812167,43.7279891800001,2022,August,154,Oakdale-Beverley Heights
-79.25433156,43.6991245500001,2022,August,122,Birchcliffe-Cliffside
-79.44003299,43.76176567,2022,August,38,Lansing-Westgate
-79.44003299,43.76176567,2022,August,38,Lansing-Westgate
-79.48954494,43.74680734,2022,September,27,York University Heights
-79.4038930999999,43.7604366300001,2022,September,153,Avondale
-79.48931103,43.61377308,2022,September,161,Humber Bay Shores
-79.51377459,43.7586795,2022,September,24,Black Creek
-79.55511244,43.7150962100001,2022,September,4,Rexdale-Kipling
-79.25578146,43.7366975900001,2022,September,138,Eglinton East
-79.55511244,43.7150962100001,2022,September,4,Rexdale-Kipling
-79.5391851799999,43.6078356300001,2022,September,20,Alderwood
-79.37478802,43.66081101,2022,October,73,Moss Park
-79.51923547,43.7528655400001,2022,October,25,Glenfield-Jane Heights
-79.51131176,43.6983365400001,2022,October,113,Weston
-79.47147699,43.76782031,2022,October,27,York University Heights
-79.4007817,43.6474382100001,2022,October,164,Wellington Place
-79.33536336,43.6808386800001,2022,October,69,Blake-Jones
-79.22657265,43.7775834400001,2022,October,142,Woburn North
-79.5170711599999,43.75484813,2022,November,25,Glenfield-Jane Heights
-79.29493081,43.8207016100001,2022,November,130,Milliken
-79.4327352299999,43.6404714500001,2022,November,85,South Parkdale
-79.6152031999999,43.7319748100001,2022,November,1,West Humber-Clairville
-79.32976981,43.68160175,2022,December,65,Greenwood-Coxwell
-79.46821933,43.65632622,2022,December,88,High Park North
-79.29217555,43.6960715100001,2022,December,61,Taylor-Massey
-79.20511142,43.76503825,2022,December,135,Morningside
-79.38246743,43.64528606,2022,December,170,Yonge-Bay Corridor
-79.30039226,43.7805032000001,2022,December,118,Tam O'Shanter-Sullivan
