EVENT_UNIQUE_ID,HOOD_158,NEIGHBOURHOOD_158,X,Y,REPORT_YEAR,REPORT_MONTH
GO-2004111878,98,Rosedale-Moore Park,-79.3928506,43.6850197800001,2004,January
GO-2004125755,142,Woburn North,-79.23388715,43.78174054,2004,January
GO-2004136086,146,Malvern East,-79.2068937399999,43.8108493300001,2004,January
GO-2004148623,171,Junction-Wallace Emerson,-79.4343959,43.67046556,2004,January
GO-2004148619,144,Morningside Heights,-79.2038623299999,43.82353541,2004,January
GO-2004152518,154,Oakdale-Beverley Heights,-79.50863063,43.72090918,2004,February
GO-2004172092,154,Oakdale-Beverley Heights,-79.50897606,43.72235792,2004,February
GO-2004133635,2,Mount Olive-Silverstone-Jamestown,-79.5928637499999,43.7431067700001,2004,February
GO-2004218803,144,Morningside Heights,-79.2275971999999,43.8162598100001,2004,March
GO-2004218585,129,Agincourt North,-79.2665028599999,43.80802063,2004,March
GO-2004301868,58,Old East York,-79.3293371299999,43.6973764300001,2004,March
GO-2004200779,120,Clairlea-Birchmount,-79.28672612,43.7000781900001,2004,March
GO-2004229133,142,Woburn North,-79.24251743,43.76707544,2004,March
GO-2004219659,39,Bedford Park-Nortown,-79.42748485,43.7097323900001,2004,March
GO-2004219687,141,Golfdale-Cedarbrae-Woburn,-79.22532108,43.75981655,2004,March
GO-2004256410,73,Moss Park,-79.37135298,43.6590671600001,2004,April
GO-2004250857,5,Elms-Old Rexdale,-79.5505613299999,43.7250906900001,2004,April
GO-2004350484,2,Mount Olive-Silverstone-Jamestown,-79.5792837499999,43.7352348900001,2004,May
GO-2004311851,24,Black Creek,-79.51875893,43.76915718,2004,May
GO-2004311870,20,Alderwood,-79.54413998,43.59430558,2004,May
GO-2004374908,31,Yorkdale-Glen Park,-79.45703965,43.7101585500001,2004,May
GO-2004374867,72,Regent Park,-79.36299801,43.66008107,2004,May
GO-2004408720,3,Thistletown-Beaumond Heights,-79.57908532,43.73713165,2004,May
GO-2004308782,29,Maple Leaf,-79.47898028,43.71406783,2004,May
GO-2004418221,86,Roncesvalles,-79.43797411,43.642272,2004,May
GO-2004456650,73,Moss Park,-79.37445106,43.6601961800001,2004,June
GO-2004455137,85,South Parkdale,-79.42812551,43.6359750600001,2004,June
GO-2004456829,73,Moss Park,-79.36900509,43.65461429,2004,June
GO-2004510813,23,Pelmo Park-Humberlea,-79.5351766799999,43.7111969600001,2004,June
GO-2004564223,24,Black Creek,-79.52266531,43.77213497,2004,July
GO-2004565547,121,Oakridge,-79.27579757,43.6995344600001,2004,July
GO-2004565561,16,Stonegate-Queensway,-79.4852473299999,43.63014616,2004,July
GO-2004564251,28,Rustic,-79.50534135,43.70840838,2004,July
GO-2004565588,151,Yonge-Doris,-79.41266712,43.7683879000001,2004,July
GO-2004986698,146,Malvern East,-79.23605587,43.79187153,2004,July
GO-2004592201,48,Hillcrest Village,-79.35633594,43.8008534100001,2004,July
GO-2004593866,90,Junction Area,-79.46764916,43.6632451500001,2004,July
GO-2004594159,73,Moss Park,-79.36561755,43.65091268,2004,July
GO-2004607864,171,Junction-Wallace Emerson,-79.45339168,43.6633140600001,2004,August
GO-2004616055,28,Rustic,-79.5038346599999,43.7028718400001,2004,August
GO-2004605174,108,Briar Hill-Belgravia,-79.44110533,43.7022471700001,2004,August
GO-2004592255,134,Highland Creek,-79.15777869,43.7938428,2004,August
GO-2004635798,73,Moss Park,-79.37271244,43.6523424000001,2004,August
GO-2004642839,22,Humbermede,-79.54569487,43.75136344,2004,August
GO-2004642110,6,Kingsview Village-The Westway,-79.56143908,43.7006333100001,2004,September
GO-2004650681,1,West Humber-Clairville,-79.61427066,43.7321828,2004,September
GO-2004633558,27,York University Heights,-79.4907815,43.7454545000001,2004,September
GO-2004676448,70,South Riverdale,-79.33727318,43.6605570500001,2004,October
GO-2004683174,28,Rustic,-79.5005484499999,43.7112613300001,2004,October
GO-2004643900,88,High Park North,-79.4728674899999,43.6518728500001,2004,October
GO-2004696852,99,Mount Pleasant East,-79.37858096,43.70101372,2004,October
GO-2004697185,92,Corso Italia-Davenport,-79.44952146,43.6751153600001,2004,November
GO-2004734705,172,Dovercourt Village,-79.42871686,43.66929822,2004,December
GO-2004735933,133,Centennial Scarborough,-79.1692872,43.7820068500001,2004,December
GO-2004734029,58,Old East York,-79.32814143,43.6960746300001,2004,December
GO-2004735980,40,St.Andrew-Windfields,-79.38496786,43.75214384,2004,December
GO-2004730198,79,University,-79.4010302,43.6578101900001,2004,December
GO-2004775505,54,O'Connor-Parkview,-79.3089872899999,43.7086737400001,2004,December
GO-2004736004,168,Downtown Yonge East,-79.3788698,43.6606647300001,2004,December
GO-2004811677,124,Kennedy Park,-79.25651332,43.73074067,2004,December
GO-2004730003,44,Flemingdon Park,-79.3277774599999,43.7126145500001,2004,December
GO-2004860547,123,Cliffcrest,-79.23591377,43.73537465,2004,December
GO-2005879569,130,Milliken,-79.2652406999999,43.8273736900001,2005,January
GO-2005910043,172,Dovercourt Village,-79.42405096,43.66597439,2005,January
GO-2005920738,162,West Queen West,-79.4073242699999,43.64257868,2005,January
GO-20051003568,116,Steeles,-79.3321458299999,43.80720598,2005,January
GO-2005812174,24,Black Creek,-79.5214235299999,43.7732018300001,2005,January
GO-2005733656,91,Weston-Pelham Park,-79.4557907499999,43.6703302600001,2005,February
GO-2005951634,126,Dorset Park,-79.2822541,43.7694153100001,2005,February
GO-2005736672,2,Mount Olive-Silverstone-Jamestown,-79.5875824,43.7546481300001,2005,February
GO-2005768554,126,Dorset Park,-79.2822541,43.7694153100001,2005,February
GO-2005918414,74,North St.James Town,-79.37377428,43.66728915,2005,February
GO-2005929672,160,Mimico-Queensway,-79.4918694,43.6132781700001,2005,February
GO-2005969241,36,Newtonbrook West,-79.4460503,43.78591163,2005,February
GO-2005953786,42,Banbury-Don Mills,-79.3563018199999,43.7409758200001,2005,March
GO-2005745939,16,Stonegate-Queensway,-79.49823058,43.6239133300001,2005,March
GO-2005758352,167,Church-Wellesley,-79.37937119,43.6618695400001,2005,March
GO-2005884190,122,Birchcliffe-Cliffside,-79.28125575,43.6853064700001,2005,April
GO-20051052948,85,South Parkdale,-79.4360337699999,43.6371701900001,2005,April
GO-20051006774,165,Harbourfront-CityPlace,-79.3844407399999,43.64230121,2005,April
GO-2005739652,21,Humber Summit,-79.5529797199999,43.7514332800001,2005,April
GO-2005736140,129,Agincourt North,-79.2816987099999,43.80845778,2005,May
GO-2005739574,171,Junction-Wallace Emerson,-79.43536217,43.6598775900001,2005,May
GO-2005737037,25,Glenfield-Jane Heights,-79.51390331,43.7546383600001,2005,May
GO-2005756176,66,Danforth,-79.3417750899999,43.67956123,2005,May
GO-20051001532,167,Church-Wellesley,-79.38152129,43.6684536700001,2005,May
GO-2005863844,128,Agincourt South-Malvern West,-79.24524616,43.78324832,2005,May
GO-2005988453,136,West Hill,-79.19065218,43.75870273,2005,May
GO-2005781084,25,Glenfield-Jane Heights,-79.5096773,43.7396665200001,2005,May
GO-2005760646,62,East End-Danforth,-79.29491704,43.6897126800001,2005,June
GO-20051000509,24,Black Creek,-79.52186721,43.7667634200001,2005,June
GO-2005834756,32,Englemount-Lawrence,-79.44132042,43.7208161200001,2005,June
GO-20051086009,172,Dovercourt Village,-79.43840457,43.6669563500001,2005,June
GO-2005884293,22,Humbermede,-79.56827627,43.7463139700001,2005,July
GO-20051150352,136,West Hill,-79.19167772,43.7698181700001,2005,July
GO-2005863854,121,Oakridge,-79.27256053,43.69468894,2005,July
GO-20051059962,111,Rockcliffe-Smythe,-79.4821350299999,43.68062582,2005,July
GO-20051070618,149,Parkwoods-O'Connor Hills,-79.3258448,43.7433631800001,2005,July
GO-20051135001,32,Englemount-Lawrence,-79.44101856,43.72012088,2005,July
GO-20051033503,148,East L'Amoreaux,-79.3157626299999,43.7967668800001,2005,July
GO-20051148137,168,Downtown Yonge East,-79.38108203,43.6583163600001,2005,July
GO-20051041793,2,Mount Olive-Silverstone-Jamestown,-79.58321011,43.73298162,2005,August
GO-20051102449,147,L'Amoreaux West,-79.33312856,43.7981694000001,2005,August
GO-20051068304,71,Cabbagetown-South St.James Town,-79.37551634,43.66573486,2005,August
GO-2005985817,8,Humber Heights-Westmount,-79.5205853099999,43.6958138100001,2005,August
GO-20051156816,71,Cabbagetown-South St.James Town,-79.37468029,43.6670883300001,2005,August
GO-20051072514,44,Flemingdon Park,-79.33495372,43.7187242800001,2005,August
GO-2005117846,156,Bendale-Glen Andrew,-79.26662183,43.75811664,2005,August
GO-20051183577,18,New Toronto,-79.50728385,43.6025305000001,2005,August
GO-20051189864,139,Scarborough Village,-79.22055842,43.7428288200001,2005,August
GO-2005761120,25,Glenfield-Jane Heights,-79.5095221299999,43.7391209400001,2005,August
GO-20051178414,73,Moss Park,-79.37011896,43.65615654,2005,August
GO-20051389771,42,Banbury-Don Mills,-79.34365243,43.7402678400001,2005,September
GO-20051101797,28,Rustic,-79.50130898,43.7049818200001,2005,September
GO-2005739598,163,Fort York-Liberty Village,-79.40009206,43.6355817900001,2005,September
GO-20051096519,24,Black Creek,-79.51476374,43.76720514,2005,September
GO-20051203047,25,Glenfield-Jane Heights,-79.5163405,43.7518865600001,2005,September
GO-20051139553,85,South Parkdale,-79.4342743,43.63630227,2005,September
GO-20051156513,5,Elms-Old Rexdale,-79.54936006,43.72728306,2005,September
GO-20051158528,33,Clanton Park,-79.4400817499999,43.7361031200001,2005,September
GO-20051228892,58,Old East York,-79.3352611299999,43.6945392200001,2005,September
GO-20051141576,136,West Hill,-79.1626279499999,43.7703886400001,2005,October
GO-20051325246,2,Mount Olive-Silverstone-Jamestown,-79.5885304,43.7386883200001,2005,October
GO-20051265274,2,Mount Olive-Silverstone-Jamestown,-79.5916994999999,43.7367668700001,2005,October
GO-20051317338,147,L'Amoreaux West,-79.33312856,43.7981694000001,2005,November
GO-20051293148,54,O'Connor-Parkview,-79.30157306,43.7152998400001,2005,November
GO-20051283750,85,South Parkdale,-79.4338729099999,43.6393201400001,2005,November
GO-20051345445,108,Briar Hill-Belgravia,-79.44278975,43.69729598,2005,November
GO-20051356083,153,Avondale,-79.40656984,43.75649487,2005,November
GO-20051322417,91,Weston-Pelham Park,-79.4636268199999,43.6807157700001,2005,November
GO-20051258191,2,Mount Olive-Silverstone-Jamestown,-79.59230675,43.74237026,2005,November
GO-20051337264,126,Dorset Park,-79.27737099,43.74557201,2005,November
GO-20051428567,171,Junction-Wallace Emerson,-79.44868158,43.65957074,2005,November
GO-20051439907,102,Forest Hill North,-79.4268528599999,43.70709886,2005,December
GO-20051443414,25,Glenfield-Jane Heights,-79.51668932,43.7518500300001,2005,December
GO-20051229258,64,Woodbine Corridor,-79.3176660999999,43.68462092,2005,December
GO-20061426456,108,Briar Hill-Belgravia,-79.44732917,43.6963527,2006,January
GO-20061557753,39,Bedford Park-Nortown,-79.41491774,43.7351751200001,2006,January
GO-20061361475,25,Glenfield-Jane Heights,-79.5004743499999,43.7449688,2006,February
GO-20061511490,44,Flemingdon Park,-79.33495372,43.7187242800001,2006,February
GO-20061624304,147,L'Amoreaux West,-79.33038092,43.7966955800001,2006,February
GO-20061559867,61,Taylor-Massey,-79.29251472,43.69285848,2006,March
GO-20061597252,134,Highland Creek,-79.17438663,43.7927161800001,2006,March
GO-20061640987,22,Humbermede,-79.54522323,43.7478746,2006,March
GO-20061591256,139,Scarborough Village,-79.21891018,43.74317589,2006,March
GO-20061479234,74,North St.James Town,-79.37377428,43.66728915,2006,March
GO-20061570672,115,Mount Dennis,-79.49091301,43.68756517,2006,March
GO-20061671071,25,Glenfield-Jane Heights,-79.5071915199999,43.7484669500001,2006,March
GO-20061578377,21,Humber Summit,-79.54907202,43.75064251,2006,April
GO-20061673447,155,Downsview,-79.47342875,43.7291415,2006,April
GO-20061636602,47,Don Valley Village,-79.34431813,43.78096988,2006,April
GO-20061473434,44,Flemingdon Park,-79.32852697,43.7190244000001,2006,April
GO-20061686110,18,New Toronto,-79.5088959299999,43.60153166,2006,April
GO-20061439616,66,Danforth,-79.32322605,43.6838945800001,2006,May
GO-20061506152,78,Kensington-Chinatown,-79.3941030299999,43.6526032100001,2006,May
GO-20061714664,61,Taylor-Massey,-79.2937192799999,43.6925816,2006,May
GO-20061465047,106,Humewood-Cedarvale,-79.4208665099999,43.68618824,2006,May
GO-20061630473,141,Golfdale-Cedarbrae-Woburn,-79.21567941,43.76056737,2006,May
GO-20061558823,66,Danforth,-79.3335503499999,43.68165435,2006,June
GO-20061677509,155,Downsview,-79.48599638,43.7428613100001,2006,June
GO-20061441432,113,Weston,-79.50657838,43.6956364000001,2006,June
GO-20061433643,28,Rustic,-79.50226868,43.71652663,2006,June
GO-20061269372,115,Mount Dennis,-79.49091301,43.68756517,2006,June
GO-20061556233,154,Oakdale-Beverley Heights,-79.50815463,43.7190711700001,2006,June
GO-20061523520,145,Malvern West,-79.22448013,43.8025008600001,2006,June
GO-20061712933,167,Church-Wellesley,-79.38265705,43.66673432,2006,June
GO-20061614702,166,St Lawrence-East Bayfront-The Islands,-79.3679003999999,43.64743567,2006,June
GO-20061463143,90,Junction Area,-79.47190263,43.6772222000001,2006,July
GO-20061436777,20,Alderwood,-79.54485457,43.6008445100001,2006,July
GO-20061680741,168,Downtown Yonge East,-79.37606178,43.6554536900001,2006,July
GO-20061789165,144,Morningside Heights,-79.2264549,43.82980644,2006,July
GO-20061482034,115,Mount Dennis,-79.49201672,43.6879166300001,2006,July
GO-20061786165,144,Morningside Heights,-79.2264549,43.82980644,2006,July
GO-20061720929,1,West Humber-Clairville,-79.5920840699999,43.73217463,2006,July
GO-20061753633,54,O'Connor-Parkview,-79.31062202,43.7137981400001,2006,July
GO-20061436568,54,O'Connor-Parkview,-79.31062202,43.7137981400001,2006,July
GO-20061436461,146,Malvern East,-79.21694931,43.8072332400001,2006,July
GO-20061684861,85,South Parkdale,-79.4366091699999,43.63872666,2006,August
GO-20061467979,170,Yonge-Bay Corridor,-79.38359055,43.6583035300001,2006,September
GO-20061442534,148,East L'Amoreaux,-79.30397793,43.8017136300001,2006,September
GO-20061825448,142,Woburn North,-79.24036174,43.7704551100001,2006,September
GO-20061873074,85,South Parkdale,-79.42913198,43.6385765900001,2006,September
GO-20061859866,116,Steeles,-79.3256371799999,43.8073583500001,2006,September
GO-20061696275,122,Birchcliffe-Cliffside,-79.2564559799999,43.7101685800001,2006,September
GO-20061448580,167,Church-Wellesley,-79.3825417799999,43.66314727,2006,September
GO-20061710058,21,Humber Summit,-79.56910076,43.75904905,2006,September
GO-20061904938,158,Islington,-79.56014355,43.64739045,2006,October
GO-20061905589,43,Victoria Village,-79.30446524,43.71890074,2006,October
GO-20061855834,71,Cabbagetown-South St.James Town,-79.3635225099999,43.6662301600001,2006,October
GO-20061696286,119,Wexford/Maryvale,-79.30048125,43.7279357100001,2006,October
GO-20061603174,134,Highland Creek,-79.1943528,43.7892712500001,2006,October
GO-20061877732,16,Stonegate-Queensway,-79.4962639299999,43.6277279700001,2006,October
GO-20061787320,164,Wellington Place,-79.38735317,43.64881731,2006,October
GO-20061470621,43,Victoria Village,-79.30225605,43.71598276,2006,November
GO-20061448992,145,Malvern West,-79.22924026,43.80987415,2006,November
GO-20061945800,87,High Park-Swansea,-79.48447934,43.6493242400001,2006,November
GO-20061796411,165,Harbourfront-CityPlace,-79.39392521,43.64273279,2006,December
GO-20061462848,144,Morningside Heights,-79.19713229,43.7967633100001,2006,December
GO-20061451923,72,Regent Park,-79.35833029,43.66258988,2006,December
GO-20061501929,85,South Parkdale,-79.4273711399999,43.6389542900001,2006,December
GO-20061490523,4,Rexdale-Kipling,-79.573471,43.7257443500001,2006,December
GO-20061932560,24,Black Creek,-79.51937902,43.76449275,2006,December
GO-20071875060,145,Malvern West,-79.22821663,43.7999873700001,2007,January
GO-20071763040,44,Flemingdon Park,-79.3231965799999,43.7119442800001,2007,January
GO-20071441479,113,Weston,-79.51457615,43.69952521,2007,January
GO-20071993783,128,Agincourt South-Malvern West,-79.26697259,43.7807775100001,2007,January
GO-20071492036,111,Rockcliffe-Smythe,-79.47716257,43.6781535900001,2007,January
GO-20071925141,123,Cliffcrest,-79.22790402,43.7224311300001,2007,February
GO-20073654724,166,St Lawrence-East Bayfront-The Islands,-79.3689964,43.6439325000001,2007,February
GO-20071896894,154,Oakdale-Beverley Heights,-79.51320032,43.72550965,2007,February
GO-20072425942,158,Islington,-79.5556868,43.64151474,2007,February
GO-20072061133,120,Clairlea-Birchmount,-79.29146059,43.7269901400001,2007,March
GO-20072065992,22,Humbermede,-79.5483688699999,43.7487717000001,2007,March
GO-20071564750,107,Oakwood Village,-79.4408411799999,43.69264824,2007,March
GO-20071438873,151,Yonge-Doris,-79.4149291099999,43.77990278,2007,March
GO-20072090220,25,Glenfield-Jane Heights,-79.51668932,43.7518500300001,2007,April
GO-20072072766,71,Cabbagetown-South St.James Town,-79.36867061,43.66784239,2007,April
GO-20071447527,2,Mount Olive-Silverstone-Jamestown,-79.58664758,43.75268118,2007,April
GO-20071606685,142,Woburn North,-79.22839199,43.7606248800001,2007,April
GO-20072086798,34,Bathurst Manor,-79.44053044,43.7551159000001,2007,April
GO-20071842715,68,North Riverdale,-79.35443287,43.66501487,2007,April
GO-20072003231,124,Kennedy Park,-79.2632869299999,43.7333291800001,2007,April
GO-20072178693,154,Oakdale-Beverley Heights,-79.5276780299999,43.7166885600001,2007,April
GO-20072021610,67,Playter Estates-Danforth,-79.35074707,43.6777879800001,2007,April
GO-20071971014,167,Church-Wellesley,-79.38678443,43.67022021,2007,April
GO-20072149719,135,Morningside,-79.2049723499999,43.7825951300001,2007,May
GO-20072198590,143,West Rouge,-79.17949528,43.8042729200001,2007,May
GO-20072226769,5,Elms-Old Rexdale,-79.5517987699999,43.7268739200001,2007,May
GO-20072163954,99,Mount Pleasant East,-79.38887553,43.7086478200001,2007,May
GO-20072151831,78,Kensington-Chinatown,-79.40130813,43.64966681,2007,May
GO-20072044021,22,Humbermede,-79.5401287999999,43.74178779,2007,May
GO-20071902458,42,Banbury-Don Mills,-79.3495637,43.75179123,2007,May
GO-20072226684,73,Moss Park,-79.3627367999999,43.6515623700001,2007,May
GO-20072055785,78,Kensington-Chinatown,-79.3974341699999,43.6530740200001,2007,May
GO-20072243955,150,Fenside-Parkwoods,-79.31870381,43.75991896,2007,June
GO-20072066379,3,Thistletown-Beaumond Heights,-79.57830605,43.7354983700001,2007,June
GO-20072127704,109,Caledonia-Fairbank,-79.45926909,43.6892762800001,2007,June
GO-20072064605,144,Morningside Heights,-79.21791762,43.8228643200001,2007,June
GO-20072315548,72,Regent Park,-79.36601253,43.6594348400001,2007,June
GO-20072304950,31,Yorkdale-Glen Park,-79.44785913,43.72058451,2007,July
GO-20072122523,143,West Rouge,-79.15384764,43.7976406500001,2007,July
GO-20072126683,136,West Hill,-79.19473833,43.7620081200001,2007,July
GO-20072043425,142,Woburn North,-79.2307976499999,43.7802622,2007,July
GO-20072226971,107,Oakwood Village,-79.44029935,43.6923317800001,2007,July
GO-20072162156,25,Glenfield-Jane Heights,-79.5049827299999,43.7413953700001,2007,July
GO-20072096282,74,North St.James Town,-79.37510285,43.67049415,2007,July
GO-20072253925,164,Wellington Place,-79.38868029,43.64819386,2007,July
GO-20072314144,144,Morningside Heights,-79.21190638,43.8184359000001,2007,July
GO-20072133216,90,Junction Area,-79.4645541,43.6653982300001,2007,July
GO-20072344083,138,Eglinton East,-79.23835825,43.73884696,2007,July
GO-20072177286,1,West Humber-Clairville,-79.5935359599999,43.7337657800001,2007,July
GO-20072082431,72,Regent Park,-79.36233057,43.6629653700001,2007,August
GO-20072187991,162,West Queen West,-79.41125629,43.6457424500001,2007,August
GO-20072426042,24,Black Creek,-79.51928818,43.77026626,2007,August
GO-20072421599,123,Cliffcrest,-79.22911791,43.7279788600001,2007,August
GO-20072383826,55,Thorncliffe Park,-79.34784325,43.7025705900001,2007,August
GO-20072077377,121,Oakridge,-79.28351257,43.69406136,2007,August
GO-20072442324,129,Agincourt North,-79.28339971,43.80508151,2007,August
GO-20072357094,120,Clairlea-Birchmount,-79.28743475,43.7079316300001,2007,September
GO-20072479780,107,Oakwood Village,-79.44151246,43.6830462200001,2007,September
GO-20072265196,126,Dorset Park,-79.27978261,43.74851735,2007,September
GO-20072373579,28,Rustic,-79.50482849,43.70663913,2007,September
GO-20072304687,168,Downtown Yonge East,-79.38248706,43.65990664,2007,September
GO-20072430194,150,Fenside-Parkwoods,-79.3446466199999,43.76463197,2007,September
GO-20072373602,25,Glenfield-Jane Heights,-79.5170711599999,43.75484813,2007,September
GO-20072539175,155,Downsview,-79.48963037,43.7363552900001,2007,October
GO-20072432106,111,Rockcliffe-Smythe,-79.4909339599999,43.67124454,2007,October
GO-20072424127,94,Wychwood,-79.43128942,43.68052032,2007,October
GO-20071902459,25,Glenfield-Jane Heights,-79.5113870599999,43.75012851,2007,October
GO-20072421605,119,Wexford/Maryvale,-79.31014981,43.7570177600001,2007,October
GO-20072538165,48,Hillcrest Village,-79.3603779699999,43.8095041500001,2007,October
GO-20072371208,68,North Riverdale,-79.35227629,43.6658777600001,2007,October
GO-20072404032,159,Etobicoke City Centre,-79.53055002,43.6467671500001,2007,October
GO-20072345705,25,Glenfield-Jane Heights,-79.51568116,43.74914154,2007,November
GO-20072403226,73,Moss Park,-79.36694949,43.65649381,2007,November
GO-20072424731,54,O'Connor-Parkview,-79.3089512299999,43.7105189100001,2007,November
GO-20072528917,118,Tam O'Shanter-Sullivan,-79.29934459,43.7835887100001,2007,November
GO-20072507368,145,Malvern West,-79.2349281899999,43.79465607,2007,November
GO-20072345729,24,Black Creek,-79.51476374,43.76720514,2007,November
GO-20072370103,135,Morningside,-79.19621683,43.7866207000001,2007,November
GO-20073098346,156,Bendale-Glen Andrew,-79.25388925,43.77519892,2007,December
GO-20072101272,146,Malvern East,-79.21243507,43.81207513,2007,December
GO-20072311686,144,Morningside Heights,-79.21101573,43.8179017,2007,December
GO-20072428698,72,Regent Park,-79.3595016099999,43.65829519,2007,December
GO-20072446147,2,Mount Olive-Silverstone-Jamestown,-79.58664758,43.75268118,2007,December
GO-20082586541,54,O'Connor-Parkview,-79.31700399,43.70893849,2008,January
GO-20082601995,167,Church-Wellesley,-79.38580431,43.66919161,2008,January
GO-20082532076,70,South Riverdale,-79.34945465,43.66614488,2008,January
GO-20082605959,154,Oakdale-Beverley Heights,-79.5096034599999,43.7248876100001,2008,January
GO-20082520381,138,Eglinton East,-79.24467607,43.7450086800001,2008,February
GO-20082428060,145,Malvern West,-79.23055871,43.81357225,2008,February
GO-20082377423,141,Golfdale-Cedarbrae-Woburn,-79.21141302,43.7637232600001,2008,February
GO-20082604028,81,Trinity-Bellwoods,-79.40976277,43.64839461,2008,February
GO-20082615345,62,East End-Danforth,-79.3061987199999,43.6855130100001,2008,February
GO-20082651936,33,Clanton Park,-79.45674748,43.7516569300001,2008,February
GO-20082704738,31,Yorkdale-Glen Park,-79.44662046,43.71891057,2008,March
GO-20082722663,13,Etobicoke West Mall,-79.57031397,43.65192911,2008,March
GO-20082371247,70,South Riverdale,-79.34160386,43.6648381000001,2008,March
GO-20082586161,171,Junction-Wallace Emerson,-79.4458559999999,43.6620584400001,2008,April
GO-20082743492,90,Junction Area,-79.46501087,43.6679951200001,2008,April
GO-20082651181,139,Scarborough Village,-79.2183105399999,43.74529871,2008,May
GO-20082577122,139,Scarborough Village,-79.2183105399999,43.74529871,2008,May
GO-20082783886,42,Banbury-Don Mills,-79.3351890599999,43.7312559100001,2008,May
GO-20082853575,146,Malvern East,-79.2139296,43.8105422200001,2008,May
GO-20082855091,118,Tam O'Shanter-Sullivan,-79.29450547,43.78471825,2008,May
GO-20082597314,1,West Humber-Clairville,-79.5926115199999,43.7165253700001,2008,May
GO-20082709711,43,Victoria Village,-79.2992832199999,43.7166640900001,2008,May
GO-20082555616,162,West Queen West,-79.4094759399999,43.6450070500001,2008,June
GO-20082399394,111,Rockcliffe-Smythe,-79.49375172,43.67166625,2008,June
GO-20082368814,61,Taylor-Massey,-79.29731005,43.69651845,2008,June
GO-20082810109,120,Clairlea-Birchmount,-79.28672612,43.7000781900001,2008,June
GO-20082862776,119,Wexford/Maryvale,-79.3126396,43.7503501400001,2008,July
GO-20082906096,97,Yonge-St.Clair,-79.39459979,43.6892109,2008,July
GO-20082517552,135,Morningside,-79.19542971,43.7848241400001,2008,July
GO-20082816710,143,West Rouge,-79.1527809,43.79788474,2008,July
GO-20082786692,20,Alderwood,-79.5459759399999,43.60628309,2008,July
GO-20082773144,23,Pelmo Park-Humberlea,-79.50901887,43.7150745700001,2008,July
GO-20082605554,110,Keelesdale-Eglinton West,-79.4771777399999,43.6896633900001,2008,July
GO-20082869738,73,Moss Park,-79.36962756,43.65719355,2008,August
GO-20082761191,86,Roncesvalles,-79.43619813,43.64458211,2008,August
GO-20082919665,64,Woodbine Corridor,-79.3132388499999,43.6701739700001,2008,August
GO-20082756711,128,Agincourt South-Malvern West,-79.2572783699999,43.7873864000001,2008,August
GO-20082986087,166,St Lawrence-East Bayfront-The Islands,-79.35634011,43.64939258,2008,August
GO-20082891170,35,Westminster-Branson,-79.44043021,43.76339132,2008,August
GO-20082928965,145,Malvern West,-79.22668422,43.8051765800001,2008,August
GO-20082373236,78,Kensington-Chinatown,-79.40062434,43.6521929300001,2008,August
GO-20082881742,52,Bayview Village,-79.37916899,43.7659413000001,2008,September
GO-20082406153,112,Beechborough-Greenbrook,-79.4694313699999,43.6914207900001,2008,September
GO-20082386684,21,Humber Summit,-79.54237683,43.75208388,2008,September
GO-20082922744,29,Maple Leaf,-79.4813100499999,43.72272466,2008,September
GO-20082747960,24,Black Creek,-79.5188184099999,43.76191141,2008,September
GO-20082909162,128,Agincourt South-Malvern West,-79.28742463,43.7817280800001,2008,September
GO-20082954481,25,Glenfield-Jane Heights,-79.5141864999999,43.75546702,2008,September
GO-20082875476,155,Downsview,-79.49021952,43.7347056,2008,September
GO-20082395868,8,Humber Heights-Westmount,-79.5112268,43.6839859500001,2008,October
GO-20083044970,154,Oakdale-Beverley Heights,-79.5133460599999,43.7219809600001,2008,October
GO-20082386395,163,Fort York-Liberty Village,-79.39767911,43.63381308,2008,October
GO-20082897918,143,West Rouge,-79.16677803,43.8075507300001,2008,October
GO-20082823465,139,Scarborough Village,-79.2251593,43.7417866100001,2008,October
GO-20082440245,70,South Riverdale,-79.3302206399999,43.6632331100001,2008,October
GO-20083023273,33,Clanton Park,-79.44012098,43.7540870500001,2008,October
GO-20082863291,135,Morningside,-79.21794077,43.7708032400001,2008,November
GO-20082739826,11,Eringate-Centennial-West Deane,-79.57254805,43.6530211800001,2008,November
GO-20083049956,119,Wexford/Maryvale,-79.30979027,43.7421378700001,2008,November
GO-20082439136,18,New Toronto,-79.5088959299999,43.60153166,2008,December
GO-20082873166,112,Beechborough-Greenbrook,-79.47093037,43.69659403,2008,December
GO-20083103211,125,Ionview,-79.2788523899999,43.7327475600001,2008,December
GO-20093148206,21,Humber Summit,-79.5529797199999,43.7514332800001,2009,January
GO-20093100835,42,Banbury-Don Mills,-79.3552712599999,43.74093449,2009,January
GO-20093118823,44,Flemingdon Park,-79.3263502999999,43.7179651000001,2009,January
GO-20093167296,91,Weston-Pelham Park,-79.4606926499999,43.6706802800001,2009,January
GO-20093043662,110,Keelesdale-Eglinton West,-79.4743553599999,43.6885126700001,2009,January
GO-20093065148,113,Weston,-79.51131176,43.6983365400001,2009,February
GO-20092874543,135,Morningside,-79.20570344,43.7856799400001,2009,February
GO-20093219115,24,Black Creek,-79.5116699399999,43.7660358000001,2009,February
GO-20092904889,112,Beechborough-Greenbrook,-79.4771777399999,43.6896633900001,2009,February
GO-20093082434,126,Dorset Park,-79.2762837,43.7532209400001,2009,February
GO-20093180676,24,Black Creek,-79.5288374,43.7587783800001,2009,March
GO-20093159164,124,Kennedy Park,-79.26315887,43.7268750800001,2009,April
GO-20093233433,70,South Riverdale,-79.33416873,43.66585365,2009,April
GO-20093104776,110,Keelesdale-Eglinton West,-79.4724159899999,43.6839916000001,2009,April
GO-20093185090,115,Mount Dennis,-79.49881935,43.68447022,2009,April
GO-20093103646,114,Lambton Baby Point,-79.50348382,43.6638838600001,2009,May
GO-20093201614,84,Little Portugal,-79.43700867,43.6499778,2009,May
GO-20093041325,65,Greenwood-Coxwell,-79.3201787799999,43.6683262600001,2009,May
GO-20093059077,111,Rockcliffe-Smythe,-79.50045498,43.6679978700001,2009,May
GO-20093330600,70,South Riverdale,-79.3511160099999,43.6590728,2009,May
GO-20093386271,111,Rockcliffe-Smythe,-79.48210977,43.6832690200001,2009,May
GO-20093250588,6,Kingsview Village-The Westway,-79.55405748,43.69533476,2009,June
GO-20093420102,31,Yorkdale-Glen Park,-79.4676254199999,43.7157229100001,2009,June
GO-20093155134,70,South Riverdale,-79.35232211,43.6453748100001,2009,June
GO-20093440867,25,Glenfield-Jane Heights,-79.51115662,43.73645222,2009,July
GO-20093096999,126,Dorset Park,-79.28594715,43.77156796,2009,July
GO-20093501395,143,West Rouge,-79.12809343,43.7938106400001,2009,July
GO-20093139087,118,Tam O'Shanter-Sullivan,-79.29878906,43.78369574,2009,July
GO-20093523913,79,University,-79.40746945,43.66590841,2009,July
GO-20093505649,95,Annex,-79.39543195,43.6718952300001,2009,August
GO-20093523721,1,West Humber-Clairville,-79.60636821,43.75500794,2009,August
GO-20093363634,160,Mimico-Queensway,-79.49458357,43.61044737,2009,August
GO-20093348714,138,Eglinton East,-79.25578146,43.7366975900001,2009,August
GO-20093515443,1,West Humber-Clairville,-79.59299502,43.7380515300001,2009,August
GO-20093523004,2,Mount Olive-Silverstone-Jamestown,-79.58816144,43.7463088200001,2009,August
GO-20093448946,69,Blake-Jones,-79.33818429,43.6724438800001,2009,September
GO-20093576028,166,St Lawrence-East Bayfront-The Islands,-79.36788884,43.6503885400001,2009,September
GO-20093269913,49,Bayview Woods-Steeles,-79.36912046,43.7912887300001,2009,September
GO-20093575026,124,Kennedy Park,-79.27266228,43.71755991,2009,September
GO-20093528405,85,South Parkdale,-79.43477789,43.63394606,2009,October
GO-20093464087,168,Downtown Yonge East,-79.37724155,43.6506628600001,2009,October
GO-20093524643,27,York University Heights,-79.48758849,43.74960108,2009,October
GO-20093425603,94,Wychwood,-79.4309798199999,43.6747165400001,2009,October
GO-20093588501,67,Playter Estates-Danforth,-79.34637501,43.6793997600001,2009,November
GO-20093454028,27,York University Heights,-79.49669119,43.7519315000001,2009,November
GO-20093586765,95,Annex,-79.3991407199999,43.6726845000001,2009,November
GO-20093593532,68,North Riverdale,-79.35443287,43.66501487,2009,November
GO-20093411009,79,University,-79.40746945,43.66590841,2009,November
GO-20093425609,107,Oakwood Village,-79.4388993699999,43.69153429,2009,November
GO-20092776015,6,Kingsview Village-The Westway,-79.5506332799999,43.6882219500001,2009,November
GO-20093358995,169,Bay-Cloverhill,-79.3877203499999,43.6656387100001,2009,November
GO-20093577507,156,Bendale-Glen Andrew,-79.26649651,43.7689357200001,2009,November
GO-20093687835,28,Rustic,-79.50475341,43.7157347200001,2009,December
GO-20093574569,74,North St.James Town,-79.37377428,43.66728915,2009,December
GO-20093567900,21,Humber Summit,-79.5680594,43.75679841,2009,December
GO-20093574814,113,Weston,-79.52378628,43.7023662,2009,December
GO-20093565736,154,Oakdale-Beverley Heights,-79.52304256,43.71769714,2009,December
GO-20093391807,89,Runnymede-Bloor West Village,-79.49860984,43.6655991000001,2009,December
GO-20093591551,78,Kensington-Chinatown,-79.39727175,43.65765974,2009,December
GO-20093543317,90,Junction Area,-79.47895426,43.665557,2009,December
GO-20103593574,68,North Riverdale,-79.35443287,43.66501487,2010,January
GO-20103566324,146,Malvern East,-79.2112059299999,43.8118508200001,2010,January
GO-20103583884,78,Kensington-Chinatown,-79.39815971,43.6502557800001,2010,January
GO-20103281627,119,Wexford/Maryvale,-79.31708305,43.76201546,2010,January
GO-20103367693,71,Cabbagetown-South St.James Town,-79.37474228,43.6638706700001,2010,February
GO-20103713412,30,Brookhaven-Amesbury,-79.50260919,43.6984112100001,2010,February
GO-20103448094,28,Rustic,-79.50475341,43.7157347200001,2010,February
GO-20103456178,138,Eglinton East,-79.2379329299999,43.7381286400001,2010,February
GO-20103593600,70,South Riverdale,-79.3086548799999,43.66363618,2010,February
GO-2010357703,136,West Hill,-79.19946946,43.7654409400001,2010,March
GO-20103680160,119,Wexford/Maryvale,-79.3133714699999,43.76653881,2010,March
GO-20103657524,87,High Park-Swansea,-79.45343918,43.65502403,2010,April
GO-20103733844,73,Moss Park,-79.3689085,43.6550194000001,2010,April
GO-20103427476,107,Oakwood Village,-79.43377345,43.6848981800001,2010,May
GO-20103662181,171,Junction-Wallace Emerson,-79.44173417,43.6661294,2010,May
GO-20103709341,148,East L'Amoreaux,-79.31231045,43.79748141,2010,May
GO-20103577964,112,Beechborough-Greenbrook,-79.47039769,43.6912192,2010,May
GO-20103801763,135,Morningside,-79.20678435,43.7667942300001,2010,May
GO-20103795155,25,Glenfield-Jane Heights,-79.5132172799999,43.7393831800001,2010,May
GO-20103568162,87,High Park-Swansea,-79.4733783999999,43.64041918,2010,May
GO-20103746928,30,Brookhaven-Amesbury,-79.50289019,43.69954711,2010,May
GO-20103711024,18,New Toronto,-79.51184611,43.59932095,2010,June
GO-20103844704,96,Casa Loma,-79.41585327,43.6800423600001,2010,June
GO-20103786264,6,Kingsview Village-The Westway,-79.55791477,43.6944151100001,2010,June
GO-20103773164,111,Rockcliffe-Smythe,-79.5059387599999,43.6760975400001,2010,June
GO-20103771858,95,Annex,-79.4020168499999,43.66838325,2010,July
GO-20103776066,155,Downsview,-79.4864487,43.7447713400001,2010,July
GO-20103757791,156,Bendale-Glen Andrew,-79.26666209,43.7558934200001,2010,July
GO-20102896399,119,Wexford/Maryvale,-79.30846122,43.73879313,2010,July
GO-20103360930,78,Kensington-Chinatown,-79.39778881,43.6522539600001,2010,July
GO-20103587228,44,Flemingdon Park,-79.329651,43.71530504,2010,July
GO-20103831826,156,Bendale-Glen Andrew,-79.24675559,43.7552573300001,2010,July
GO-20103686077,128,Agincourt South-Malvern West,-79.25912081,43.78740415,2010,July
GO-20103520868,25,Glenfield-Jane Heights,-79.50688173,43.7403182100001,2010,July
GO-20103804848,1,West Humber-Clairville,-79.6118095099999,43.73168123,2010,July
GO-20103883110,44,Flemingdon Park,-79.33495372,43.7187242800001,2010,July
GO-20103561930,71,Cabbagetown-South St.James Town,-79.3686285699999,43.6658689400001,2010,August
GO-20103577793,74,North St.James Town,-79.37510285,43.67049415,2010,August
GO-20103436989,159,Etobicoke City Centre,-79.52721739,43.6438241700001,2010,August
GO-20103773675,32,Englemount-Lawrence,-79.4401781999999,43.7241786500001,2010,August
GO-20103412926,83,Dufferin Grove,-79.44019034,43.6514257000001,2010,August
GO-20103793509,90,Junction Area,-79.47335128,43.6671616200001,2010,August
GO-2010GO-2018104863,55,Thorncliffe Park,-79.34138354,43.70801163,2010,September
GO-20103528531,142,Woburn North,-79.23201792,43.7593103400001,2010,September
GO-20103836758,24,Black Creek,-79.5188184099999,43.76191141,2010,September
GO-20103912797,30,Brookhaven-Amesbury,-79.48897714,43.6977066200001,2010,September
GO-20103905801,8,Humber Heights-Westmount,-79.51314361,43.68684269,2010,September
GO-20103708472,113,Weston,-79.51457615,43.69952521,2010,September
GO-20103633942,24,Black Creek,-79.51546025,43.7578622,2010,October
GO-20103834477,85,South Parkdale,-79.4335353,43.6343689,2010,October
GO-20103561941,72,Regent Park,-79.3593015499999,43.66092803,2010,October
GO-20103520082,121,Oakridge,-79.27699095,43.70239059,2010,October
GO-20103772354,72,Regent Park,-79.3620225399999,43.65759676,2010,October
GO-20103355708,70,South Riverdale,-79.35374777,43.6636699100001,2010,October
GO-20103911901,37,Willowdale West,-79.4145751199999,43.77169774,2010,November
GO-20103929126,47,Don Valley Village,-79.3530264199999,43.7873388400001,2010,November
GO-20103988019,25,Glenfield-Jane Heights,-79.50339745,43.7410703,2010,November
GO-20103904746,142,Woburn North,-79.2296315199999,43.7603830400001,2010,November
GO-20103845292,164,Wellington Place,-79.39179086,43.6447423500001,2010,November
GO-20103878370,72,Regent Park,-79.35815883,43.6611918200001,2010,November
GO-20104003542,62,East End-Danforth,-79.2993560799999,43.68356935,2010,December
GO-20104016091,111,Rockcliffe-Smythe,-79.4909339599999,43.67124454,2010,December
GO-2018104863,55,Thorncliffe Park,-79.34138354,43.70801163,2010,December
GO-20113922539,164,Wellington Place,-79.39967303,43.64806136,2011,January
GO-20112885827,125,Ionview,-79.2788523899999,43.7327475600001,2011,January
GO-20113737551,136,West Hill,-79.19473833,43.7620081200001,2011,January
GO-20114040426,95,Annex,-79.39660216,43.6747187500001,2011,January
GO-20114033175,108,Briar Hill-Belgravia,-79.43938277,43.7043572200001,2011,January
GO-20113832781,71,Cabbagetown-South St.James Town,-79.37834341,43.6662791200001,2011,January
GO-20113966773,21,Humber Summit,-79.54751586,43.7509754500001,2011,February
GO-20113530271,27,York University Heights,-79.48758849,43.74960108,2011,February
GO-20114017505,112,Beechborough-Greenbrook,-79.48177414,43.69245528,2011,February
GO-20113948450,141,Golfdale-Cedarbrae-Woburn,-79.22119656,43.75959965,2011,February
GO-20114017400,113,Weston,-79.50945835,43.6972969500001,2011,February
GO-201139593058,146,Malvern East,-79.23004851,43.79207102,2011,February
GO-20113996966,146,Malvern East,-79.21766249,43.79811627,2011,February
GO-20114010034,114,Lambton Baby Point,-79.50149891,43.6648788000001,2011,March
GO-20114029641,172,Dovercourt Village,-79.4278567599999,43.66721461,2011,March
GO-20113973677,6,Kingsview Village-The Westway,-79.55215271,43.69579012,2011,March
GO-20113914456,85,South Parkdale,-79.43727066,43.63691985,2011,March
GO-20113736070,63,The Beaches,-79.31220745,43.6680252,2011,March
GO-20113981811,138,Eglinton East,-79.25560589,43.7350683600001,2011,March
GO-20113942884,66,Danforth,-79.32496173,43.6865932700001,2011,April
GO-20113985830,27,York University Heights,-79.5021526899999,43.76548697,2011,April
GO-20113832638,4,Rexdale-Kipling,-79.55968601,43.7133118200001,2011,April
GO-20113985926,147,L'Amoreaux West,-79.3314089199999,43.7931003200001,2011,May
GO-20114047557,2,Mount Olive-Silverstone-Jamestown,-79.5928189799999,43.7390724000001,2011,May
GO-20113582659,25,Glenfield-Jane Heights,-79.5164867399999,43.75250263,2011,June
GO-20114071110,119,Wexford/Maryvale,-79.3043833199999,43.72888607,2011,July
GO-20113984179,139,Scarborough Village,-79.2221049999999,43.7424814600001,2011,July
GO-20113429437,158,Islington,-79.56407654,43.6524496700001,2011,July
GO-20113794249,115,Mount Dennis,-79.49313857,43.68829879,2011,July
GO-20114119820,115,Mount Dennis,-79.50820659,43.6911179300001,2011,July
GO-20113443263,155,Downsview,-79.48369812,43.7262746600001,2011,August
GO-20114082526,155,Downsview,-79.49322891,43.7427690600001,2011,August
GO-20114131492,33,Clanton Park,-79.4364422199999,43.74121374,2011,August
GO-20113721549,114,Lambton Baby Point,-79.50149891,43.6648788000001,2011,August
GO-20114137445,142,Woburn North,-79.24984992,43.7725193800001,2011,September
GO-20113156934,120,Clairlea-Birchmount,-79.26812656,43.7069928600001,2011,September
GO-20114136529,81,Trinity-Bellwoods,-79.4159353699999,43.6471782900001,2011,October
GO-20113405116,84,Little Portugal,-79.42285012,43.6412319200001,2011,October
GO-20113887747,43,Victoria Village,-79.3014674999999,43.71725545,2011,October
GO-20114156058,61,Taylor-Massey,-79.30060509,43.69437249,2011,October
GO-20114244358,24,Black Creek,-79.5109335,43.7620786100001,2011,October
GO-20114140412,120,Clairlea-Birchmount,-79.2633665499999,43.7125552900001,2011,October
GO-20114219112,13,Etobicoke West Mall,-79.57615823,43.64849529,2011,October
GO-20114188550,154,Oakdale-Beverley Heights,-79.50860799,43.73003685,2011,October
GO-20114187348,70,South Riverdale,-79.32291693,43.6523418900001,2011,November
GO-20114136582,28,Rustic,-79.5038346599999,43.7028718400001,2011,December
GO-20114253053,50,Newtonbrook East,-79.40746297,43.7824923200001,2011,December
GO-20113034132,39,Bedford Park-Nortown,-79.42386384,43.73936866,2011,December
GO-20114191912,72,Regent Park,-79.35833029,43.66258988,2011,December
GO-20114266197,141,Golfdale-Cedarbrae-Woburn,-79.20562524,43.7640436500001,2011,December
GO-20114355679,78,Kensington-Chinatown,-79.39906324,43.6524637200001,2011,December
GO-20124194029,120,Clairlea-Birchmount,-79.2827611,43.7279399400001,2012,January
GO-20123665859,163,Fort York-Liberty Village,-79.4171069499999,43.6386438600001,2012,January
GO-201230000227,56,Leaside-Bennington,-79.36575487,43.7061393500001,2012,January
GO-20124205598,125,Ionview,-79.2778560799999,43.7299559800001,2012,January
GO-20124042332,145,Malvern West,-79.22092115,43.8055731800001,2012,January
GO-20124212793,83,Dufferin Grove,-79.43609672,43.65447879,2012,January
GO-20124085703,38,Lansing-Westgate,-79.42542116,43.7574613900001,2012,February
GO-20124370907,147,L'Amoreaux West,-79.31478528,43.7845888900001,2012,February
GO-20124334336,151,Yonge-Doris,-79.40934165,43.7662448200001,2012,March
GO-20124445252,15,Kingsway South,-79.51963926,43.6493958200001,2012,March
GO-20123755673,111,Rockcliffe-Smythe,-79.48762429,43.6727538700001,2012,April
GO-20124428014,119,Wexford/Maryvale,-79.3058887999999,43.73254489,2012,April
GO-20124376058,88,High Park North,-79.4652448799999,43.65753812,2012,April
GO-20124449577,32,Englemount-Lawrence,-79.44141286,43.72315167,2012,May
GO-20124449281,121,Oakridge,-79.28038739,43.7032802000001,2012,May
GO-20124346812,100,Yonge-Eglinton,-79.4033177699999,43.6979211400001,2012,May
GO-20124445741,114,Lambton Baby Point,-79.50149891,43.6648788000001,2012,May
GO-20123363455,73,Moss Park,-79.37069017,43.6507260400001,2012,May
GO-20124438492,133,Centennial Scarborough,-79.15463684,43.78519206,2012,May
GO-20124533105,168,Downtown Yonge East,-79.37997035,43.6540566100001,2012,June
GO-20124386217,80,Palmerston-Little Italy,-79.4183253699999,43.6552397500001,2012,June
GO-20124503011,126,Dorset Park,-79.2822541,43.7694153100001,2012,June
GO-20124556249,153,Avondale,-79.40459573,43.7572835500001,2012,June
GO-20124471737,67,Playter Estates-Danforth,-79.35793703,43.67786922,2012,July
GO-20121799882,12,Markland Wood,-79.58342916,43.6333245100001,2012,July
GO-20124578181,158,Islington,-79.5583480399999,43.6490616500001,2012,July
GO-20124544154,136,West Hill,-79.18487845,43.7648618200001,2012,July
GO-20124466647,115,Mount Dennis,-79.50572482,43.68740612,2012,July
GO-20124427513,32,Englemount-Lawrence,-79.4439058299999,43.71947958,2012,July
GO-20124528375,128,Agincourt South-Malvern West,-79.2549764299999,43.7812163900001,2012,July
GO-20124622186,24,Black Creek,-79.51476374,43.76720514,2012,August
GO-20124531897,146,Malvern East,-79.21694931,43.8072332400001,2012,August
GO-20124613436,120,Clairlea-Birchmount,-79.2827611,43.7279399400001,2012,August
GO-20124563307,62,East End-Danforth,-79.29802043,43.6788793200001,2012,September
GO-20124528016,146,Malvern East,-79.2061558,43.8092461700001,2012,September
GO-20124520488,108,Briar Hill-Belgravia,-79.44110533,43.7022471700001,2012,September
GO-20124453311,25,Glenfield-Jane Heights,-79.51512482,43.7470881400001,2012,September
GO-20124589405,2,Mount Olive-Silverstone-Jamestown,-79.58380099,43.73447858,2012,September
GO-20124663461,24,Black Creek,-79.51546025,43.7578622,2012,October
GO-20124615172,142,Woburn North,-79.23648729,43.77543173,2012,October
GO-20124477212,71,Cabbagetown-South St.James Town,-79.37101139,43.6648135400001,2012,October
GO-20124703830,135,Morningside,-79.2135559399999,43.7858822600001,2012,October
GO-20124613667,85,South Parkdale,-79.43727066,43.63691985,2012,October
GO-20124697103,31,Yorkdale-Glen Park,-79.44926911,43.7205075000001,2012,October
GO-20124754900,115,Mount Dennis,-79.49313857,43.68829879,2012,October
GO-20124695122,79,University,-79.40651625,43.6567157600001,2012,November
GO-20124664511,2,Mount Olive-Silverstone-Jamestown,-79.58104549,43.7363420500001,2012,November
GO-20124559977,64,Woodbine Corridor,-79.3142989899999,43.6796762700001,2012,November
GO-20124545660,44,Flemingdon Park,-79.32470614,43.7236922700001,2012,November
GO-20121799887,12,Markland Wood,-79.58342916,43.6333245100001,2012,November
GO-20124672379,155,Downsview,-79.48377829,43.7337781700001,2012,December
GO-20124844185,74,North St.James Town,-79.37377428,43.66728915,2012,December
GO-20134821260,27,York University Heights,-79.49464569,43.7777118500001,2013,January
GO-20134842775,72,Regent Park,-79.3593015499999,43.66092803,2013,January
GO-20134724330,7,Willowridge-Martingrove-Richview,-79.5684304599999,43.6757066700001,2013,January
GO-20134911563,172,Dovercourt Village,-79.42379453,43.6702653900001,2013,January
GO-20134902220,47,Don Valley Village,-79.356962,43.7870087700001,2013,February
GO-20134822914,116,Steeles,-79.33347933,43.81572313,2013,February
GO-20134834800,163,Fort York-Liberty Village,-79.42492533,43.63268055,2013,February
GO-20134954079,25,Glenfield-Jane Heights,-79.51668932,43.7518500300001,2013,February
GO-20134920035,2,Mount Olive-Silverstone-Jamestown,-79.58641341,43.7325012900001,2013,February
GO-20134913786,21,Humber Summit,-79.54230487,43.7684448300001,2013,February
GO-20134896103,109,Caledonia-Fairbank,-79.45528339,43.6930205400001,2013,March
GO-20134847120,4,Rexdale-Kipling,-79.5702312499999,43.72654299,2013,March
GO-20134968037,119,Wexford/Maryvale,-79.30219988,43.7437542500001,2013,March
GO-20134779022,71,Cabbagetown-South St.James Town,-79.37115814,43.66398867,2013,March
GO-20134907315,164,Wellington Place,-79.40009344,43.6444477900001,2013,March
GO-20134902638,31,Yorkdale-Glen Park,-79.45707743,43.7247417300001,2013,March
GO-20134837042,72,Regent Park,-79.35833029,43.66258988,2013,April
GO-20134948721,144,Morningside Heights,-79.21489387,43.81888639,2013,April
GO-20134924967,38,Lansing-Westgate,-79.42542116,43.7574613900001,2013,April
GO-20134913839,25,Glenfield-Jane Heights,-79.51886989,43.7385742800001,2013,April
GO-20134929615,122,Birchcliffe-Cliffside,-79.2637076,43.6920648,2013,April
GO-20134823588,54,O'Connor-Parkview,-79.30035407,43.7125118700001,2013,May
GO-20134832188,81,Trinity-Bellwoods,-79.42138001,43.65095208,2013,May
GO-20134934653,111,Rockcliffe-Smythe,-79.4821350299999,43.68062582,2013,May
GO-20135001151,144,Morningside Heights,-79.21988185,43.82190316,2013,May
GO-20135067942,129,Agincourt North,-79.2816987099999,43.80845778,2013,June
GO-20135000885,151,Yonge-Doris,-79.41092102,43.76969754,2013,June
GO-20135096311,57,Broadview North,-79.35721735,43.6829197600001,2013,June
GO-20134832295,33,Clanton Park,-79.45021402,43.7530612200001,2013,July
GO-20135147700,73,Moss Park,-79.37135298,43.6590671600001,2013,July
GO-20135020177,50,Newtonbrook East,-79.41632218,43.78290939,2013,July
GO-20134799559,162,West Queen West,-79.41004944,43.64418836,2013,July
GO-20135172838,12,Markland Wood,-79.5802494599999,43.64316898,2013,July
GO-20135159817,25,Glenfield-Jane Heights,-79.5163405,43.7518865600001,2013,July
GO-20135162653,87,High Park-Swansea,-79.47105024,43.63825444,2013,August
GO-20135143553,5,Elms-Old Rexdale,-79.5456359299999,43.7213120800001,2013,August
GO-20135192957,25,Glenfield-Jane Heights,-79.51044558,43.74922073,2013,August
GO-20135143282,113,Weston,-79.52831656,43.70453926,2013,September
GO-20135114771,48,Hillcrest Village,-79.3649435899999,43.8043217000001,2013,September
GO-20135245469,66,Danforth,-79.32394038,43.68329271,2013,September
GO-20135269597,7,Willowridge-Martingrove-Richview,-79.57040564,43.67633225,2013,September
GO-20135126688,112,Beechborough-Greenbrook,-79.4676922899999,43.69170989,2013,September
GO-20135260102,73,Moss Park,-79.36694949,43.65649381,2013,September
GO-20135237175,170,Yonge-Bay Corridor,-79.38464734,43.6504346900001,2013,October
GO-20135128923,113,Weston,-79.51950622,43.7025116,2013,October
GO-20135229819,78,Kensington-Chinatown,-79.39892256,43.6551318400001,2013,October
GO-20135070453,72,Regent Park,-79.36398868,43.6598634900001,2013,November
GO-2013939200,94,Wychwood,-79.4219627699999,43.6727121800001,2013,November
GO-2013943773,62,East End-Danforth,-79.29802043,43.6788793200001,2013,November
GO-20131032372,2,Mount Olive-Silverstone-Jamestown,-79.5842403899999,43.75115706,2013,November
GO-20131036741,105,Lawrence Park North,-79.39527051,43.7301616400001,2013,November
GO-20131225193,23,Pelmo Park-Humberlea,-79.51009895,43.7115029300001,2013,December
GO-20131231259,130,Milliken,-79.2721898999999,43.82426737,2013,December
GO-20141272537,74,North St.James Town,-79.37377428,43.66728915,2014,January
GO-20141326860,126,Dorset Park,-79.28975608,43.75950235,2014,January
GO-20141431240,141,Golfdale-Cedarbrae-Woburn,-79.2218199599999,43.7703356900001,2014,January
GO-20141428622,8,Humber Heights-Westmount,-79.51734154,43.6946070600001,2014,January
GO-20141435425,168,Downtown Yonge East,-79.3787659399999,43.65431577,2014,January
GO-20141381673,54,O'Connor-Parkview,-79.2973907699999,43.7030035400001,2014,February
GO-20141462653,119,Wexford/Maryvale,-79.30226258,43.76947238,2014,February
GO-20141470629,105,Lawrence Park North,-79.40439249,43.7336586800001,2014,February
GO-20141500533,20,Alderwood,-79.55299342,43.60886207,2014,February
GO-20141518863,2,Mount Olive-Silverstone-Jamestown,-79.5798746,43.7386479,2014,February
GO-20141663866,44,Flemingdon Park,-79.3363682899999,43.7183752700001,2014,March
GO-20141667340,159,Etobicoke City Centre,-79.5218469499999,43.6335285100001,2014,March
GO-20141668180,65,Greenwood-Coxwell,-79.33004679,43.68013102,2014,March
GO-20141703847,70,South Riverdale,-79.35164308,43.6619733900001,2014,March
GO-20141703051,142,Woburn North,-79.2296315199999,43.7603830400001,2014,March
GO-20141731923,62,East End-Danforth,-79.30921367,43.68567061,2014,March
GO-20141766614,91,Weston-Pelham Park,-79.45236684,43.6684799000001,2014,March
GO-20141824235,71,Cabbagetown-South St.James Town,-79.36805348,43.6644572500001,2014,April
GO-20141880069,144,Morningside Heights,-79.21301749,43.8190881300001,2014,April
GO-20142003751,107,Oakwood Village,-79.44530997,43.6967586100001,2014,May
GO-20142145283,65,Greenwood-Coxwell,-79.3272439,43.6745299200001,2014,May
GO-20142242196,129,Agincourt North,-79.29001497,43.80973176,2014,June
GO-20142439822,73,Moss Park,-79.37397666,43.6585106700001,2014,July
GO-20142452482,31,Yorkdale-Glen Park,-79.4472319,43.71885288,2014,July
GO-20142499434,147,L'Amoreaux West,-79.32705448,43.78386791,2014,July
GO-20142665166,13,Etobicoke West Mall,-79.56971993,43.65158597,2014,August
GO-20142728301,115,Mount Dennis,-79.49881935,43.68447022,2014,August
GO-20142777149,164,Wellington Place,-79.39448378,43.64402406,2014,August
GO-20142804113,172,Dovercourt Village,-79.4268547,43.6617303800001,2014,August
GO-20142849540,71,Cabbagetown-South St.James Town,-79.36955832,43.6681684600001,2014,September
GO-20142870490,30,Brookhaven-Amesbury,-79.5038346599999,43.7028718400001,2014,September
GO-20142870125,62,East End-Danforth,-79.29676814,43.68929898,2014,September
GO-20142886898,40,St.Andrew-Windfields,-79.3947861199999,43.76020936,2014,September
GO-20142891423,159,Etobicoke City Centre,-79.53034496,43.6469847700001,2014,September
GO-20142905498,141,Golfdale-Cedarbrae-Woburn,-79.22532108,43.75981655,2014,September
GO-20142910832,47,Don Valley Village,-79.3516538499999,43.78764304,2014,September
GO-20142929457,27,York University Heights,-79.50044567,43.7620719000001,2014,September
GO-20142966747,2,Mount Olive-Silverstone-Jamestown,-79.58437608,43.74798715,2014,September
GO-20142992607,66,Danforth,-79.3313457099999,43.68170366,2014,September
GO-20143005270,139,Scarborough Village,-79.22055842,43.7428288200001,2014,September
GO-20143017592,107,Oakwood Village,-79.4449970599999,43.6960648200001,2014,September
GO-20143045566,90,Junction Area,-79.47407222,43.6788930500001,2014,October
GO-20143053896,72,Regent Park,-79.36374886,43.6572161,2014,October
GO-20143053009,6,Kingsview Village-The Westway,-79.54575318,43.70117781,2014,October
GO-20143094406,47,Don Valley Village,-79.36115036,43.7907302200001,2014,October
GO-20143107536,171,Junction-Wallace Emerson,-79.43869632,43.6676546400001,2014,October
GO-20143208371,155,Downsview,-79.4864487,43.7447713400001,2014,October
GO-20143252379,110,Keelesdale-Eglinton West,-79.47123748,43.6904965800001,2014,November
GO-20143310199,170,Yonge-Bay Corridor,-79.3860564299999,43.6552343800001,2014,November
GO-20143392120,55,Thorncliffe Park,-79.34138354,43.70801163,2014,November
GO-20143420091,74,North St.James Town,-79.37377428,43.66728915,2014,December
GO-20143423102,157,Bendale South,-79.25482218,43.7455174900001,2014,December
GO-20143455828,88,High Park North,-79.46821933,43.65632622,2014,December
GO-20143536404,84,Little Portugal,-79.42493153,43.6433599200001,2014,December
GO-201555992,167,Church-Wellesley,-79.37671331,43.66241268,2015,January
GO-201594334,1,West Humber-Clairville,-79.5962214799999,43.74143135,2015,January
GO-201599853,50,Newtonbrook East,-79.4126711,43.78133031,2015,January
GO-2015159448,31,Yorkdale-Glen Park,-79.44926911,43.7205075000001,2015,January
GO-2015179790,78,Kensington-Chinatown,-79.40545063,43.6508829100001,2015,January
GO-2015205271,120,Clairlea-Birchmount,-79.26220606,43.71254894,2015,February
GO-2015346652,64,Woodbine Corridor,-79.3208879599999,43.6839382300001,2015,February
GO-2015453427,6,Kingsview Village-The Westway,-79.5486724099999,43.7013181,2015,March
GO-2015457868,161,Humber Bay Shores,-79.4832639699999,43.6205055,2015,March
GO-2015473322,7,Willowridge-Martingrove-Richview,-79.57040564,43.67633225,2015,March
GO-2015531511,2,Mount Olive-Silverstone-Jamestown,-79.58380099,43.73447858,2015,March
GO-2015586781,61,Taylor-Massey,-79.30335812,43.6951507700001,2015,April
GO-2015618195,92,Corso Italia-Davenport,-79.43957083,43.6782521700001,2015,April
GO-2015669864,122,Birchcliffe-Cliffside,-79.2637076,43.6920648,2015,April
GO-2015767516,136,West Hill,-79.18255246,43.7630192500001,2015,May
GO-2015819674,171,Junction-Wallace Emerson,-79.4531572399999,43.6657799600001,2015,May
GO-2015831181,66,Danforth,-79.32476486,43.6831108700001,2015,May
GO-2015843494,171,Junction-Wallace Emerson,-79.44774438,43.6597733400001,2015,May
GO-2015870230,141,Golfdale-Cedarbrae-Woburn,-79.2352638999999,43.75771567,2015,May
GO-2015922149,60,Woodbine-Lumsden,-79.31240543,43.68947229,2015,May
GO-2015916307,141,Golfdale-Cedarbrae-Woburn,-79.2352638999999,43.75771567,2015,June
GO-2015926649,168,Downtown Yonge East,-79.3777553899999,43.6519573,2015,June
GO-2015988808,111,Rockcliffe-Smythe,-79.49415781,43.6725805300001,2015,June
GO-20151086599,84,Little Portugal,-79.42285012,43.6412319200001,2015,June
GO-20151158745,2,Mount Olive-Silverstone-Jamestown,-79.58380099,43.73447858,2015,July
GO-20151178239,171,Junction-Wallace Emerson,-79.4485117099999,43.6685849300001,2015,July
GO-20151182401,123,Cliffcrest,-79.22679067,43.7300167400001,2015,July
GO-20151325557,74,North St.James Town,-79.37206804,43.67070052,2015,August
GO-20151330701,163,Fort York-Liberty Village,-79.4226228799999,43.6327429,2015,August
GO-20151352151,91,Weston-Pelham Park,-79.46369835,43.6758741400001,2015,August
GO-20151362027,170,Yonge-Bay Corridor,-79.3816311799999,43.6544211200001,2015,August
GO-20151423810,73,Moss Park,-79.37021334,43.65848384,2015,August
GO-20151428790,28,Rustic,-79.50411114,43.71413062,2015,August
GO-20151536584,111,Rockcliffe-Smythe,-79.50085045,43.6779723500001,2015,September
GO-20151577444,136,West Hill,-79.1964314099999,43.7661440700001,2015,September
GO-20151641806,135,Morningside,-79.21206073,43.7895421800001,2015,September
GO-20151692243,134,Highland Creek,-79.1545932499999,43.7935736800001,2015,October
GO-20151791234,1,West Humber-Clairville,-79.59556249,43.6867511900001,2015,October
GO-20151869657,167,Church-Wellesley,-79.38410773,43.6684641100001,2015,October
GO-20151899333,56,Leaside-Bennington,-79.35531535,43.7166168100001,2015,November
GO-20151783770,64,Woodbine Corridor,-79.31190314,43.6803699600001,2015,November
GO-20151939320,120,Clairlea-Birchmount,-79.27361267,43.71325935,2015,November
GO-20151950148,118,Tam O'Shanter-Sullivan,-79.31072707,43.77706418,2015,November
GO-20151947851,74,North St.James Town,-79.37377428,43.66728915,2015,November
GO-20151975144,1,West Humber-Clairville,-79.60383053,43.73115619,2015,November
GO-20152071129,121,Oakridge,-79.2868864499999,43.6967616700001,2015,November
GO-20152050482,3,Thistletown-Beaumond Heights,-79.58211226,43.7432574900001,2015,November
GO-20152123843,164,Wellington Place,-79.39331907,43.64672612,2015,December
GO-20152125474,53,Henry Farm,-79.3399097399999,43.7760529400001,2015,December
GO-20152123328,170,Yonge-Bay Corridor,-79.3805775,43.6464145900001,2015,December
GO-20152151120,168,Downtown Yonge East,-79.38157518,43.6600802900001,2015,December
GO-20152149617,21,Humber Summit,-79.57207364,43.7559688000001,2015,December
GO-20152180756,106,Humewood-Cedarvale,-79.4208665099999,43.68618824,2015,December
GO-20152229877,100,Yonge-Eglinton,-79.3977902199999,43.7013855000001,2015,December
GO-201620700,61,Taylor-Massey,-79.29129504,43.69313865,2016,January
GO-201698593,50,Newtonbrook East,-79.4104841399999,43.7965246900001,2016,January
GO-2016108786,18,New Toronto,-79.50864433,43.6000079200001,2016,January
GO-2016120610,147,L'Amoreaux West,-79.33312856,43.7981694000001,2016,January
GO-2016119350,10,Princess-Rosethorn,-79.54348963,43.67198913,2016,January
GO-2016139786,156,Bendale-Glen Andrew,-79.2536497199999,43.77167244,2016,January
GO-2016173014,31,Yorkdale-Glen Park,-79.4658081699999,43.7082310100001,2016,January
GO-2016175803,2,Mount Olive-Silverstone-Jamestown,-79.58174802,43.7377736500001,2016,January
GO-2016181573,78,Kensington-Chinatown,-79.3992277199999,43.6558452100001,2016,January
GO-2016204501,13,Etobicoke West Mall,-79.56971993,43.65158597,2016,February
GO-2016215657,146,Malvern East,-79.21865095,43.8065308600001,2016,February
GO-2016225259,43,Victoria Village,-79.30493587,43.71598062,2016,February
GO-2016235777,30,Brookhaven-Amesbury,-79.5038346599999,43.7028718400001,2016,February
GO-2016317425,139,Scarborough Village,-79.2123814999999,43.7445979300001,2016,February
GO-2016345475,120,Clairlea-Birchmount,-79.2899154799999,43.7075389500001,2016,February
GO-2016354140,8,Humber Heights-Westmount,-79.51579787,43.69251216,2016,February
GO-2016359352,139,Scarborough Village,-79.2183105399999,43.74529871,2016,February
GO-2016265129,78,Kensington-Chinatown,-79.39152705,43.6522207100001,2016,March
GO-2016481311,148,East L'Amoreaux,-79.30243373,43.79721282,2016,March
GO-2016491854,23,Pelmo Park-Humberlea,-79.51111224,43.7159538400001,2016,March
GO-2016500861,70,South Riverdale,-79.3419651,43.6624102700001,2016,March
GO-2016556458,72,Regent Park,-79.3634387399999,43.6558247300001,2016,April
GO-2016602150,27,York University Heights,-79.49652055,43.7485919900001,2016,April
GO-2016630918,167,Church-Wellesley,-79.38678443,43.67022021,2016,April
GO-2016632371,160,Mimico-Queensway,-79.49674637,43.6122296400001,2016,April
GO-2016652097,66,Danforth,-79.32476486,43.6831108700001,2016,April
GO-2016656231,113,Weston,-79.5294028599999,43.7051352300001,2016,April
GO-2016666749,68,North Riverdale,-79.3529074699999,43.6661545100001,2016,April
GO-2016734521,119,Wexford/Maryvale,-79.31292493,43.7584085400001,2016,April
GO-2016838159,2,Mount Olive-Silverstone-Jamestown,-79.5894194799999,43.73201658,2016,May
GO-2016851941,167,Church-Wellesley,-79.38234267,43.6668029800001,2016,May
GO-2016965196,22,Humbermede,-79.5403342,43.74271952,2016,June
GO-2016989870,174,South Eglinton-Davisville,-79.39663505,43.70655007,2016,June
GO-20161148938,78,Kensington-Chinatown,-79.4038075,43.6572555600001,2016,July
GO-20161116247,84,Little Portugal,-79.43767134,43.6496396200001,2016,July
GO-20161229465,154,Oakdale-Beverley Heights,-79.5201306399999,43.7378005200001,2016,July
GO-20161263080,168,Downtown Yonge East,-79.37256279,43.6503169000001,2016,July
GO-20161329227,157,Bendale South,-79.25807235,43.75296847,2016,July
GO-20161335085,167,Church-Wellesley,-79.38192438,43.66952775,2016,July
GO-20161403032,69,Blake-Jones,-79.33443371,43.67726343,2016,August
GO-20161443064,73,Moss Park,-79.3734549499999,43.6572976900001,2016,August
GO-20161480338,162,West Queen West,-79.4127063299999,43.6419055900001,2016,August
GO-20161506128,139,Scarborough Village,-79.22282061,43.73957577,2016,August
GO-20161520715,70,South Riverdale,-79.35289985,43.6604885300001,2016,August
GO-20161613172,85,South Parkdale,-79.4253333,43.6373398100001,2016,September
GO-20161625137,27,York University Heights,-79.4997038,43.7677953300001,2016,September
GO-20161688118,91,Weston-Pelham Park,-79.45736952,43.66972272,2016,September
GO-20161696689,156,Bendale-Glen Andrew,-79.25362418,43.7745768,2016,September
GO-20161743137,1,West Humber-Clairville,-79.61077713,43.7339786000001,2016,September
GO-20161838374,113,Weston,-79.5177866499999,43.7005943,2016,October
GO-20161855287,1,West Humber-Clairville,-79.6001525199999,43.74702948,2016,October
GO-20161888229,6,Kingsview Village-The Westway,-79.55637202,43.69952383,2016,October
GO-20161907779,141,Golfdale-Cedarbrae-Woburn,-79.20562524,43.7640436500001,2016,October
GO-20161966289,81,Trinity-Bellwoods,-79.41242955,43.6550065700001,2016,November
GO-20162051533,43,Victoria Village,-79.3135195899999,43.7260177000001,2016,November
GO-20162055725,24,Black Creek,-79.51928818,43.77026626,2016,November
GO-20162106299,70,South Riverdale,-79.35294135,43.66176404,2016,November
GO-20162138470,33,Clanton Park,-79.44156413,43.7506327500001,2016,December
GO-20162148586,25,Glenfield-Jane Heights,-79.52690232,43.7553063600001,2016,December
GO-20162172757,58,Old East York,-79.3427281199999,43.6937325700001,2016,December
GO-20162210973,139,Scarborough Village,-79.2196900499999,43.74501403,2016,December
GO-20162229166,83,Dufferin Grove,-79.43167718,43.6527372300001,2016,December
GO-20162233489,113,Weston,-79.5166556999999,43.69914436,2016,December
GO-20162242930,6,Kingsview Village-The Westway,-79.54924116,43.70256621,2016,December
GO-20162276833,73,Moss Park,-79.36962756,43.65719355,2016,December
GO-201743106,73,Moss Park,-79.3679361499999,43.6548484200001,2017,January
GO-2017137133,21,Humber Summit,-79.56921772,43.7562233100001,2017,January
GO-2017163412,160,Mimico-Queensway,-79.5147546699999,43.6092059800001,2017,January
GO-2017189239,72,Regent Park,-79.36149468,43.6631523500001,2017,January
GO-2017186988,73,Moss Park,-79.37107514,43.65159849,2017,January
GO-2017202856,25,Glenfield-Jane Heights,-79.5170711599999,43.75484813,2017,February
GO-2017222142,66,Danforth,-79.34237567,43.6829136100001,2017,February
GO-2017233897,37,Willowdale West,-79.41557607,43.7748847500001,2017,February
GO-2017233559,5,Elms-Old Rexdale,-79.5512812599999,43.71671867,2017,February
GO-2017291986,54,O'Connor-Parkview,-79.2973907699999,43.7030035400001,2017,February
GO-2017352942,55,Thorncliffe Park,-79.3415975999999,43.7044999500001,2017,February
GO-2017402242,68,North Riverdale,-79.35470378,43.66564013,2017,March
GO-2017468897,144,Morningside Heights,-79.18466338,43.8101954200001,2017,March
GO-2017486409,61,Taylor-Massey,-79.2954572099999,43.70167229,2017,March
GO-2017564412,8,Humber Heights-Westmount,-79.52085138,43.6909331300001,2017,March
GO-2017662074,147,L'Amoreaux West,-79.33093157,43.7974470500001,2017,April
GO-2017674351,70,South Riverdale,-79.34358759,43.6602816700001,2017,April
GO-2017703097,108,Briar Hill-Belgravia,-79.45113725,43.69791059,2017,April
GO-2017904599,70,South Riverdale,-79.34519196,43.6670888400001,2017,May
GO-20171007434,110,Keelesdale-Eglinton West,-79.48287462,43.6883621800001,2017,June
GO-20171035511,22,Humbermede,-79.5572796,43.74768039,2017,June
GO-20171118832,171,Junction-Wallace Emerson,-79.44356096,43.6673219200001,2017,June
GO-20171184598,72,Regent Park,-79.3647697599999,43.66044171,2017,July
GO-20171319697,144,Morningside Heights,-79.19919414,43.8133094300001,2017,July
GO-20171323827,146,Malvern East,-79.21028273,43.8101984,2017,July
GO-20171371751,31,Yorkdale-Glen Park,-79.45242612,43.7143212600001,2017,July
GO-20171378728,73,Moss Park,-79.36945603,43.6545191100001,2017,July
GO-20171377317,57,Broadview North,-79.35366157,43.6895001500001,2017,July
GO-20171379055,106,Humewood-Cedarvale,-79.41996024,43.68720197,2017,August
GO-20171499040,27,York University Heights,-79.50487885,43.75995786,2017,August
GO-20171503946,79,University,-79.40651625,43.6567157600001,2017,August
GO-20171516247,25,Glenfield-Jane Heights,-79.5178468,43.7501933500001,2017,August
GO-20171578601,154,Oakdale-Beverley Heights,-79.5133460599999,43.7219809600001,2017,August
GO-20171592166,5,Elms-Old Rexdale,-79.54572369,43.7282297,2017,September
GO-20171593482,138,Eglinton East,-79.24552663,43.73944979,2017,September
GO-20171640198,122,Birchcliffe-Cliffside,-79.26446437,43.6981622500001,2017,September
GO-20171661261,53,Henry Farm,-79.3431079599999,43.76929319,2017,September
GO-20171663919,126,Dorset Park,-79.2855494999999,43.76889479,2017,September
GO-20171682920,164,Wellington Place,-79.38636582,43.6480031200001,2017,September
GO-20171677843,72,Regent Park,-79.3603237999999,43.6634202500001,2017,September
GO-20171770154,154,Oakdale-Beverley Heights,-79.5133460599999,43.7219809600001,2017,September
GO-20171778161,70,South Riverdale,-79.35494779,43.64121572,2017,October
GO-20171798506,4,Rexdale-Kipling,-79.56978664,43.7251750400001,2017,October
GO-20171807017,6,Kingsview Village-The Westway,-79.5473517,43.69461419,2017,October
GO-20171821632,60,Woodbine-Lumsden,-79.31594918,43.6975190000001,2017,October
GO-20171828016,6,Kingsview Village-The Westway,-79.5518464899999,43.69788407,2017,October
GO-20171856631,172,Dovercourt Village,-79.42543719,43.6677542900001,2017,October
GO-20171864268,21,Humber Summit,-79.5529797199999,43.7514332800001,2017,October
GO-20171897265,55,Thorncliffe Park,-79.3423868,43.7051428500001,2017,October
GO-20171954551,43,Victoria Village,-79.30493587,43.71598062,2017,October
GO-20172057548,72,Regent Park,-79.36601253,43.6594348400001,2017,November
GO-20172060242,113,Weston,-79.51940101,43.70103255,2017,November
GO-20173043943,144,Morningside Heights,-79.20177439,43.8133362300001,2017,November
GO-20173095559,167,Church-Wellesley,-79.3814099099999,43.6668253300001,2017,November
GO-20173121720,139,Scarborough Village,-79.22322781,43.74045885,2017,December
GO-20173140530,133,Centennial Scarborough,-79.15053808,43.7764556400001,2017,December
GO-20173181653,146,Malvern East,-79.2112059299999,43.8118508200001,2017,December
GO-20173201016,40,St.Andrew-Windfields,-79.38217918,43.75788343,2017,December
GO-20173205177,166,St Lawrence-East Bayfront-The Islands,-79.37078557,43.6478303000001,2017,December
GO-201817532,7,Willowridge-Martingrove-Richview,-79.56320142,43.68149133,2018,January
GO-201854152,8,Humber Heights-Westmount,-79.51701309,43.69402122,2018,January
GO-2018113424,11,Eringate-Centennial-West Deane,-79.56841471,43.6593906900001,2018,January
GO-2018183793,167,Church-Wellesley,-79.3837124,43.66451369,2018,January
GO-2018249547,52,Bayview Village,-79.38738585,43.7807197400001,2018,February
GO-2018289167,133,Centennial Scarborough,-79.17244463,43.78218551,2018,February
GO-2018366454,96,Casa Loma,-79.4170865899999,43.6800985300001,2018,February
GO-2018393677,24,Black Creek,-79.5204011599999,43.76882055,2018,March
GO-2018413955,150,Fenside-Parkwoods,-79.34510081,43.76309465,2018,March
GO-2018444497,2,Mount Olive-Silverstone-Jamestown,-79.58793358,43.7452947800001,2018,March
GO-2018484039,8,Humber Heights-Westmount,-79.51658143,43.69382045,2018,March
GO-2018489653,31,Yorkdale-Glen Park,-79.45551267,43.71763393,2018,March
GO-2018619032,119,Wexford/Maryvale,-79.31816076,43.7645090400001,2018,April
GO-2018661938,119,Wexford/Maryvale,-79.30798068,43.7443491700001,2018,April
GO-2018639035,58,Old East York,-79.34322242,43.6950234700001,2018,April
GO-2018711594,124,Kennedy Park,-79.25202762,43.72726556,2018,April
GO-2018725711,153,Avondale,-79.41055633,43.7599413300001,2018,April
GO-2018813479,122,Birchcliffe-Cliffside,-79.27874539,43.6747669600001,2018,May
GO-2018821806,10,Princess-Rosethorn,-79.55016382,43.6733880100001,2018,May
GO-2018907125,135,Morningside,-79.21618849,43.7754157900001,2018,May
GO-2018911506,170,Yonge-Bay Corridor,-79.3785333,43.64838124,2018,May
GO-2018929488,95,Annex,-79.40530147,43.6703025300001,2018,May
GO-2018945776,62,East End-Danforth,-79.3011778699999,43.67812042,2018,May
GO-2018946587,57,Broadview North,-79.35131725,43.69197817,2018,May
GO-2018965463,95,Annex,-79.39019615,43.6713507000001,2018,May
GO-2018958547,145,Malvern West,-79.2242260099999,43.80448757,2018,May
GO-2018979942,168,Downtown Yonge East,-79.3803111,43.6564538100001,2018,May
GO-20181021340,18,New Toronto,-79.5093945199999,43.6025804400001,2018,June
GO-20181046556,84,Little Portugal,-79.43290963,43.6478107200001,2018,June
GO-20181066328,162,West Queen West,-79.4096014,43.6452913100001,2018,June
GO-20181075301,86,Roncesvalles,-79.4355444,43.64466444,2018,June
GO-20181091522,123,Cliffcrest,-79.2491735899999,43.7191851200001,2018,June
GO-20181106259,98,Rosedale-Moore Park,-79.38581958,43.6715705,2018,June
GO-20181142174,2,Mount Olive-Silverstone-Jamestown,-79.5888369799999,43.7357290100001,2018,June
GO-20181146367,32,Englemount-Lawrence,-79.44354801,43.71877318,2018,June
GO-20181146418,3,Thistletown-Beaumond Heights,-79.5758644699999,43.73829098,2018,June
GO-20181152121,73,Moss Park,-79.37135298,43.6590671600001,2018,June
GO-20181191880,78,Kensington-Chinatown,-79.39369866,43.6493449700001,2018,June
GO-20181198918,78,Kensington-Chinatown,-79.4023323499999,43.65522887,2018,July
GO-20181194072,65,Greenwood-Coxwell,-79.33237918,43.6814780400001,2018,July
GO-20181221507,120,Clairlea-Birchmount,-79.28855913,43.7043745300001,2018,July
GO-20181240749,24,Black Creek,-79.51522778,43.7681488200001,2018,July
GO-20181245963,24,Black Creek,-79.51622058,43.7701264500001,2018,July
GO-20181329654,70,South Riverdale,-79.34770514,43.6568504800001,2018,July
GO-20181341286,67,Playter Estates-Danforth,-79.35147435,43.67804611,2018,July
GO-20181358001,21,Humber Summit,-79.56886444,43.7547034300001,2018,July
GO-20181494077,18,New Toronto,-79.5088959299999,43.60153166,2018,August
GO-20181508181,2,Mount Olive-Silverstone-Jamestown,-79.58904119,43.73438057,2018,August
GO-20181526723,6,Kingsview Village-The Westway,-79.55446079,43.6937850200001,2018,August
GO-20181527703,159,Etobicoke City Centre,-79.55689984,43.6101198200001,2018,August
GO-20181528994,73,Moss Park,-79.36502244,43.6524430900001,2018,August
GO-20181548479,66,Danforth,-79.3407278399999,43.68011784,2018,August
GO-20181549969,115,Mount Dennis,-79.5008873899999,43.69129537,2018,August
GO-20181562384,113,Weston,-79.51619757,43.70015197,2018,August
GO-20181564549,145,Malvern West,-79.24282227,43.8117816700001,2018,August
GO-20181599566,72,Regent Park,-79.35783269,43.6619747400001,2018,August
GO-20181609974,120,Clairlea-Birchmount,-79.27554407,43.7015070800001,2018,August
GO-20181622696,146,Malvern East,-79.2101661,43.80913851,2018,September
GO-20181626502,163,Fort York-Liberty Village,-79.40328612,43.6357306200001,2018,September
GO-20181665625,91,Weston-Pelham Park,-79.4631705199999,43.6740050400001,2018,September
GO-20181668023,86,Roncesvalles,-79.4355444,43.64466444,2018,September
GO-20181684842,7,Willowridge-Martingrove-Richview,-79.56858671,43.6843023100001,2018,September
GO-20181706301,138,Eglinton East,-79.2320525499999,43.7430322100001,2018,September
GO-20181733104,128,Agincourt South-Malvern West,-79.26222842,43.7882030700001,2018,September
GO-20181739446,50,Newtonbrook East,-79.4178198399999,43.78897168,2018,September
GO-20181772173,53,Henry Farm,-79.34454404,43.7723424800001,2018,September
GO-20181777456,72,Regent Park,-79.36299801,43.66008107,2018,September
GO-20181823974,27,York University Heights,-79.49464569,43.7777118500001,2018,October
GO-20181827810,118,Tam O'Shanter-Sullivan,-79.29878906,43.78369574,2018,October
GO-20181839683,70,South Riverdale,-79.3474438699999,43.6594136200001,2018,October
GO-20181879521,155,Downsview,-79.48909235,43.7348565500001,2018,October
GO-20181887731,168,Downtown Yonge East,-79.3766988799999,43.6569575400001,2018,October
GO-20181923388,120,Clairlea-Birchmount,-79.28629162,43.69907019,2018,October
GO-20181939006,124,Kennedy Park,-79.2645509,43.73276465,2018,October
GO-20182096419,23,Pelmo Park-Humberlea,-79.5304371399999,43.71946574,2018,November
GO-20182113063,73,Moss Park,-79.36900509,43.65461429,2018,November
GO-20182124586,136,West Hill,-79.188074,43.76726367,2018,November
GO-20182242344,73,Moss Park,-79.37445106,43.6601961800001,2018,December
GO-20182280579,6,Kingsview Village-The Westway,-79.5486724099999,43.7013181,2018,December
GO-20182315055,24,Black Creek,-79.51777127,43.75900983,2018,December
GO-20182320758,164,Wellington Place,-79.39764343,43.64494841,2018,December
GO-20182339244,2,Mount Olive-Silverstone-Jamestown,-79.5839050399999,43.7510966200001,2018,December
GO-201930365,124,Kennedy Park,-79.25202762,43.72726556,2019,January
GO-201945560,120,Clairlea-Birchmount,-79.26980481,43.7110752200001,2019,January
GO-201954928,4,Rexdale-Kipling,-79.5599347099999,43.7228443000001,2019,January
GO-201969065,126,Dorset Park,-79.2873449799999,43.7698080000001,2019,January
GO-2019146683,111,Rockcliffe-Smythe,-79.48624276,43.6698551900001,2019,January
GO-2019244561,72,Regent Park,-79.3634387399999,43.6558247300001,2019,February
GO-2019258675,161,Humber Bay Shores,-79.47999573,43.6239838700001,2019,February
GO-2019272774,136,West Hill,-79.19489042,43.76648973,2019,February
GO-2019281405,4,Rexdale-Kipling,-79.55597987,43.7169414200001,2019,February
GO-2019349242,2,Mount Olive-Silverstone-Jamestown,-79.58037067,43.73495345,2019,February
GO-2019400418,173,North Toronto,-79.3912232499999,43.71112256,2019,March
GO-2019424256,100,Yonge-Eglinton,-79.40851244,43.70459226,2019,March
GO-2019449448,155,Downsview,-79.48591156,43.7384657100001,2019,March
GO-2019456465,91,Weston-Pelham Park,-79.45784714,43.6690289200001,2019,March
GO-2019494501,7,Willowridge-Martingrove-Richview,-79.55425841,43.67835333,2019,March
GO-2019499554,171,Junction-Wallace Emerson,-79.45097831,43.6584185500001,2019,March
GO-2019598298,118,Tam O'Shanter-Sullivan,-79.29007776,43.7872446000001,2019,April
GO-2019649220,170,Yonge-Bay Corridor,-79.38027515,43.6486444600001,2019,April
GO-2019677551,110,Keelesdale-Eglinton West,-79.4779182899999,43.68864374,2019,April
GO-2019716384,107,Oakwood Village,-79.4386879099999,43.69144147,2019,April
GO-2019766762,11,Eringate-Centennial-West Deane,-79.5793750399999,43.65579681,2019,April
GO-2019767371,135,Morningside,-79.21300106,43.7746506,2019,April
GO-2019785029,1,West Humber-Clairville,-79.5903674099999,43.7340051900001,2019,May
GO-2019798063,21,Humber Summit,-79.56606207,43.76058053,2019,May
GO-2019819986,140,Guildwood,-79.19874013,43.7462932600001,2019,May
GO-2019928762,172,Dovercourt Village,-79.43171706,43.6640477600001,2019,May
GO-20191039892,73,Moss Park,-79.3732509,43.65372288,2019,June
GO-20191052988,169,Bay-Cloverhill,-79.3870636299999,43.6685331400001,2019,June
GO-20191191914,150,Fenside-Parkwoods,-79.3204085899999,43.76076972,2019,June
GO-20191198026,136,West Hill,-79.18487845,43.7648618200001,2019,June
GO-20191206091,115,Mount Dennis,-79.50288268,43.6886992500001,2019,June
GO-20191213308,164,Wellington Place,-79.39331907,43.64672612,2019,June
GO-20191226977,73,Moss Park,-79.36900509,43.65461429,2019,July
GO-20191344279,172,Dovercourt Village,-79.4316687199999,43.66065503,2019,July
GO-20191445359,28,Rustic,-79.50475341,43.7157347200001,2019,August
GO-20191492032,94,Wychwood,-79.4276975499999,43.6812936800001,2019,August
GO-20191506357,43,Victoria Village,-79.3014674999999,43.71725545,2019,August
GO-20191558069,86,Roncesvalles,-79.44947279,43.6490611300001,2019,August
GO-20191581564,23,Pelmo Park-Humberlea,-79.53368757,43.71359821,2019,August
GO-20191595863,115,Mount Dennis,-79.50277324,43.6920447300001,2019,August
GO-20191619393,21,Humber Summit,-79.55805406,43.7599929200001,2019,August
GO-20191683554,156,Bendale-Glen Andrew,-79.25161131,43.7549169100001,2019,September
GO-20191695351,154,Oakdale-Beverley Heights,-79.5062639,43.7212370300001,2019,September
GO-20191745744,134,Highland Creek,-79.17474205,43.7906247500001,2019,September
GO-20191782132,31,Yorkdale-Glen Park,-79.45317635,43.7069765100001,2019,September
GO-20191806337,130,Milliken,-79.26040624,43.82071024,2019,September
GO-20191828916,126,Dorset Park,-79.2889229199999,43.7719364000001,2019,September
GO-20191840069,13,Etobicoke West Mall,-79.56800516,43.65127463,2019,September
GO-20191843578,167,Church-Wellesley,-79.38468439,43.66776637,2019,September
GO-20191878460,2,Mount Olive-Silverstone-Jamestown,-79.5885579499999,43.7566777000001,2019,September
GO-20191894014,25,Glenfield-Jane Heights,-79.51248285,43.74773351,2019,October
GO-20191901852,170,Yonge-Bay Corridor,-79.38480322,43.6476559500001,2019,October
GO-20191930830,60,Woodbine-Lumsden,-79.316265,43.6982172200001,2019,October
GO-20191981086,2,Mount Olive-Silverstone-Jamestown,-79.5875915,43.7368811900001,2019,October
GO-20192006688,48,Hillcrest Village,-79.35845383,43.81105889,2019,October
GO-20192021028,87,High Park-Swansea,-79.47105024,43.63825444,2019,October
GO-20192067798,174,South Eglinton-Davisville,-79.39087649,43.6994868300001,2019,October
GO-20192106976,95,Annex,-79.4030140199999,43.6676922300001,2019,October
GO-20192131648,159,Etobicoke City Centre,-79.55615039,43.61421138,2019,November
GO-20192136178,61,Taylor-Massey,-79.2996930899999,43.6946753300001,2019,November
GO-20192150110,113,Weston,-79.50472529,43.70434413,2019,November
GO-20192212187,107,Oakwood Village,-79.44004592,43.69182728,2019,November
GO-20192263515,138,Eglinton East,-79.24467607,43.7450086800001,2019,November
GO-20192361770,21,Humber Summit,-79.54270565,43.75333003,2019,December
GO-20192378461,119,Wexford/Maryvale,-79.3017697399999,43.7471020200001,2019,December
GO-20192390677,1,West Humber-Clairville,-79.60272672,43.7237208400001,2019,December
GO-20192385631,123,Cliffcrest,-79.23375269,43.71703505,2019,December
GO-20192390277,49,Bayview Woods-Steeles,-79.36940631,43.79063832,2019,December
GO-20192412908,155,Downsview,-79.48217169,43.72726155,2019,December
GO-20192445475,118,Tam O'Shanter-Sullivan,-79.29934459,43.7835887100001,2019,December
GO-20192452711,113,Weston,-79.5109246499999,43.69893526,2019,December
GO-20192464487,79,University,-79.4060339599999,43.6622545800001,2019,December
GO-20192465270,73,Moss Park,-79.37135298,43.6590671600001,2019,December
GO-20192470898,85,South Parkdale,-79.4366091699999,43.63872666,2019,December
GO-20192490349,13,Etobicoke West Mall,-79.56293289,43.63964743,2019,December
GO-20192503671,138,Eglinton East,-79.24121503,43.74219879,2019,December
GO-20192520736,145,Malvern West,-79.2251285099999,43.8111668500001,2019,December
GO-20205967,72,Regent Park,-79.35868397,43.6624093500001,2020,January
GO-202069552,135,Morningside,-79.20913153,43.7870641800001,2020,January
GO-202082425,118,Tam O'Shanter-Sullivan,-79.30470808,43.7816358000001,2020,January
GO-2020135493,141,Golfdale-Cedarbrae-Woburn,-79.23175356,43.7764301500001,2020,January
GO-2020136609,107,Oakwood Village,-79.43317302,43.6846409500001,2020,January
GO-2020174603,139,Scarborough Village,-79.21948774,43.7365973300001,2020,January
GO-2020219180,165,Harbourfront-CityPlace,-79.39927827,43.63909305,2020,January
GO-2020249293,66,Danforth,-79.3313457099999,43.68170366,2020,February
GO-2020271347,13,Etobicoke West Mall,-79.57031397,43.65192911,2020,February
GO-2020372105,128,Agincourt South-Malvern West,-79.24848328,43.79184202,2020,February
GO-2020390671,155,Downsview,-79.45863625,43.73091643,2020,February
GO-2020530236,115,Mount Dennis,-79.4895289899999,43.68698735,2020,March
GO-2020524758,128,Agincourt South-Malvern West,-79.27041788,43.7855682000001,2020,March
GO-2020538385,107,Oakwood Village,-79.4474050599999,43.6955477500001,2020,March
GO-2020562795,120,Clairlea-Birchmount,-79.28878635,43.7206800700001,2020,March
GO-2020580138,168,Downtown Yonge East,-79.3800831,43.65590281,2020,March
GO-2020648505,142,Woburn North,-79.2307976499999,43.7802622,2020,April
GO-2020665733,147,L'Amoreaux West,-79.31933079,43.7969885300001,2020,April
GO-2020668167,55,Thorncliffe Park,-79.35044895,43.70264876,2020,April
GO-2020686647,94,Wychwood,-79.43250015,43.6802700000001,2020,April
GO-2020717283,52,Bayview Village,-79.3760645,43.7726476400001,2020,April
GO-2020762187,160,Mimico-Queensway,-79.49977258,43.61644333,2020,April
GO-2020790951,25,Glenfield-Jane Heights,-79.50688173,43.7403182100001,2020,April
GO-2020828038,119,Wexford/Maryvale,-79.29973426,43.7475395500001,2020,May
GO-2020893378,174,South Eglinton-Davisville,-79.3904717999999,43.6985953600001,2020,May
GO-2020898005,2,Mount Olive-Silverstone-Jamestown,-79.58264006,43.74679595,2020,May
GO-2020915335,147,L'Amoreaux West,-79.32480939,43.78010412,2020,May
GO-2020909524,138,Eglinton East,-79.25531093,43.73903255,2020,May
GO-2020971451,164,Wellington Place,-79.39205737,43.6453667600001,2020,May
GO-2020993900,2,Mount Olive-Silverstone-Jamestown,-79.5928189799999,43.7390724000001,2020,May
GO-20201063476,55,Thorncliffe Park,-79.35098706,43.7135924,2020,June
GO-20201127664,92,Corso Italia-Davenport,-79.4486320999999,43.6767276,2020,June
GO-20201173382,71,Cabbagetown-South St.James Town,-79.37220461,43.6676287600001,2020,June
GO-20201233592,147,L'Amoreaux West,-79.33312856,43.7981694000001,2020,July
GO-20201267365,73,Moss Park,-79.3733054799999,43.65865354,2020,July
GO-20201278229,156,Bendale-Glen Andrew,-79.25916985,43.7784380300001,2020,July
GO-20201281439,111,Rockcliffe-Smythe,-79.49375172,43.67166625,2020,July
GO-20201466110,59,Danforth East York,-79.33466535,43.6868786200001,2020,August
GO-20201486174,81,Trinity-Bellwoods,-79.4216318599999,43.6500694200001,2020,August
GO-20201505493,162,West Queen West,-79.4161220299999,43.64258519,2020,August
GO-20201506702,138,Eglinton East,-79.24479753,43.7441629100001,2020,August
GO-20201568363,153,Avondale,-79.40823534,43.75688287,2020,August
GO-20201583370,136,West Hill,-79.1862222199999,43.7684028900001,2020,August
GO-20201607604,73,Moss Park,-79.37102845,43.65828851,2020,August
GO-20201655784,27,York University Heights,-79.49083369,43.7504130400001,2020,September
GO-20201691332,1,West Humber-Clairville,-79.5875848599999,43.7279322000001,2020,September
GO-20201713867,111,Rockcliffe-Smythe,-79.48567466,43.66849524,2020,September
GO-20201730504,1,West Humber-Clairville,-79.55968601,43.7133118200001,2020,September
GO-20201728164,113,Weston,-79.52285599,43.7043599100001,2020,September
GO-20201786596,146,Malvern East,-79.20161508,43.80236826,2020,September
GO-20201816857,24,Black Creek,-79.52253066,43.7674832000001,2020,September
GO-20201838773,24,Black Creek,-79.51928818,43.77026626,2020,September
GO-20201838399,2,Mount Olive-Silverstone-Jamestown,-79.58816144,43.7463088200001,2020,September
GO-20201989086,47,Don Valley Village,-79.3558029,43.79243058,2020,September
GO-20201863629,113,Weston,-79.50694655,43.70455852,2020,October
GO-20201876749,155,Downsview,-79.49256503,43.7369835600001,2020,October
GO-20201908230,32,Englemount-Lawrence,-79.4334601099999,43.727474,2020,October
GO-20202026517,121,Oakridge,-79.28630896,43.69120667,2020,October
GO-20202114189,24,Black Creek,-79.51696223,43.7619646700001,2020,November
GO-20202177333,143,West Rouge,-79.13744644,43.79212138,2020,November
GO-20202188906,172,Dovercourt Village,-79.42400291,43.6627156700001,2020,November
GO-20202213650,149,Parkwoods-O'Connor Hills,-79.3130212299999,43.751492,2020,November
GO-20202271563,31,Yorkdale-Glen Park,-79.4533935699999,43.7079013000001,2020,December
GO-20202295266,83,Dufferin Grove,-79.43536217,43.6598775900001,2020,December
GO-2020982844,78,Kensington-Chinatown,-79.4047963799999,43.65267221,2020,December
GO-20202279344,64,Woodbine Corridor,-79.3221432999999,43.67981933,2020,December
GO-20202381546,173,North Toronto,-79.3914972699999,43.70812828,2020,December
GO-20202400901,47,Don Valley Village,-79.3564935699999,43.7815982000001,2020,December
GO-202179788,124,Kennedy Park,-79.2601843799999,43.7340608700001,2021,January
GO-2021105728,21,Humber Summit,-79.5576293999999,43.7487888000001,2021,January
GO-2021133150,27,York University Heights,-79.50554178,43.7648662500001,2021,January
GO-2021204256,8,Humber Heights-Westmount,-79.52763484,43.7013626,2021,January
GO-2021185744,98,Rosedale-Moore Park,-79.38821168,43.6818583900001,2021,January
GO-2021198314,28,Rustic,-79.50475341,43.7157347200001,2021,January
GO-2021238843,145,Malvern West,-79.23217798,43.7952077800001,2021,February
GO-2021250265,119,Wexford/Maryvale,-79.30219988,43.7437542500001,2021,February
GO-2021251003,31,Yorkdale-Glen Park,-79.46208146,43.71248473,2021,February
GO-2021257693,62,East End-Danforth,-79.30733236,43.6869310700001,2021,February
GO-2021277195,7,Willowridge-Martingrove-Richview,-79.5648619,43.6838410600001,2021,February
GO-2021334695,71,Cabbagetown-South St.James Town,-79.3733359299999,43.6662275800001,2021,February
GO-2021363118,16,Stonegate-Queensway,-79.4940423099999,43.64395947,2021,February
GO-2021368408,110,Keelesdale-Eglinton West,-79.47039769,43.6912192,2021,February
GO-2021424868,120,Clairlea-Birchmount,-79.27084608,43.7136647900001,2021,March
GO-2021437169,30,Brookhaven-Amesbury,-79.4979708399999,43.6985326500001,2021,March
GO-2021511040,25,Glenfield-Jane Heights,-79.51044558,43.74922073,2021,March
GO-2021611765,8,Humber Heights-Westmount,-79.52560393,43.6995888800001,2021,April
GO-2021614694,48,Hillcrest Village,-79.3518675399999,43.7970495700001,2021,April
GO-2021618567,57,Broadview North,-79.35005957,43.69126018,2021,April
GO-2021683552,54,O'Connor-Parkview,-79.3172162399999,43.7015451500001,2021,April
GO-2021646518,126,Dorset Park,-79.28594715,43.77156796,2021,April
GO-2021700719,28,Rustic,-79.50534135,43.70840838,2021,April
GO-2021904598,7,Willowridge-Martingrove-Richview,-79.5687614399999,43.67411322,2021,May
GO-2021951127,130,Milliken,-79.28431547,43.81687479,2021,May
GO-2021961854,70,South Riverdale,-79.35098441,43.66034525,2021,May
GO-20211028789,80,Palmerston-Little Italy,-79.4187309499999,43.65903123,2021,June
GO-20211087369,141,Golfdale-Cedarbrae-Woburn,-79.21419029,43.7615272400001,2021,June
GO-20211107853,138,Eglinton East,-79.24381943,43.74395402,2021,June
GO-20211112628,138,Eglinton East,-79.24505779,43.74322406,2021,June
GO-20211108068,112,Beechborough-Greenbrook,-79.4814631099999,43.69249868,2021,June
GO-20211158175,112,Beechborough-Greenbrook,-79.48397161,43.68986304,2021,June
GO-20211233778,33,Clanton Park,-79.4375228,43.75148661,2021,July
GO-20211236893,44,Flemingdon Park,-79.3280819,43.7156069800001,2021,July
GO-20211236780,170,Yonge-Bay Corridor,-79.38376255,43.6557097800001,2021,July
GO-20211248165,126,Dorset Park,-79.2832466099999,43.7717268000001,2021,July
GO-20211263005,27,York University Heights,-79.48875881,43.75450634,2021,July
GO-20211292779,27,York University Heights,-79.48875881,43.75450634,2021,July
GO-20211319545,23,Pelmo Park-Humberlea,-79.53408631,43.71687467,2021,July
GO-20211362894,123,Cliffcrest,-79.23525618,43.7061819400001,2021,July
GO-20211359540,70,South Riverdale,-79.35494779,43.64121572,2021,July
GO-20211360309,6,Kingsview Village-The Westway,-79.5441617,43.69761594,2021,July
GO-20211370623,108,Briar Hill-Belgravia,-79.4482585499999,43.6985912600001,2021,July
GO-20211382319,30,Brookhaven-Amesbury,-79.48852544,43.7054531200001,2021,July
GO-20211417029,68,North Riverdale,-79.34945465,43.66614488,2021,July
GO-20211484398,62,East End-Danforth,-79.31167633,43.6859435100001,2021,August
GO-20211494943,78,Kensington-Chinatown,-79.4000121999999,43.6561531900001,2021,August
GO-20211543961,30,Brookhaven-Amesbury,-79.48897714,43.6977066200001,2021,August
GO-20211538967,144,Morningside Heights,-79.18973651,43.85078973,2021,August
GO-20211617066,110,Keelesdale-Eglinton West,-79.4708958099999,43.6804648200001,2021,August
GO-20211630428,19,Long Branch,-79.53939847,43.5930934300001,2021,August
GO-20211638087,164,Wellington Place,-79.3892410299999,43.64841255,2021,August
GO-20211677261,73,Moss Park,-79.36780279,43.65181198,2021,September
GO-20211684171,27,York University Heights,-79.48446015,43.78389925,2021,September
GO-20211692780,159,Etobicoke City Centre,-79.51720854,43.62420203,2021,September
GO-20211699665,140,Guildwood,-79.2112770099999,43.75112576,2021,September
GO-20211713828,25,Glenfield-Jane Heights,-79.5128074199999,43.7514667400001,2021,September
GO-20211788435,124,Kennedy Park,-79.2539576299999,43.7248214000001,2021,September
GO-20211794405,72,Regent Park,-79.36097505,43.6619143,2021,September
GO-20211851845,144,Morningside Heights,-79.18875726,43.82514301,2021,September
GO-20211874352,1,West Humber-Clairville,-79.5903674099999,43.7340051900001,2021,September
GO-20211896862,64,Woodbine Corridor,-79.32041923,43.67711566,2021,October
GO-20211971401,146,Malvern East,-79.20482773,43.79744119,2021,October
GO-20211987049,27,York University Heights,-79.48758849,43.74960108,2021,October
GO-20212022276,27,York University Heights,-79.4808566899999,43.7571481800001,2021,October
GO-20212037136,110,Keelesdale-Eglinton West,-79.47390812,43.69041488,2021,October
GO-20212036766,25,Glenfield-Jane Heights,-79.51371066,43.75418203,2021,October
GO-20212040619,23,Pelmo Park-Humberlea,-79.53368757,43.71359821,2021,October
GO-20212048858,120,Clairlea-Birchmount,-79.29751157,43.7256449600001,2021,October
GO-20212071533,145,Malvern West,-79.2241732099999,43.80395316,2021,October
GO-20212079091,126,Dorset Park,-79.2810747899999,43.7657958500001,2021,October
GO-20212091136,25,Glenfield-Jane Heights,-79.50028637,43.7386239100001,2021,October
GO-20212177949,134,Highland Creek,-79.16298362,43.7939733000001,2021,November
GO-20212209204,150,Fenside-Parkwoods,-79.3204179799999,43.7563471500001,2021,November
GO-20212211875,141,Golfdale-Cedarbrae-Woburn,-79.20477951,43.76396047,2021,November
GO-20212277790,143,West Rouge,-79.1750166099999,43.80457197,2021,November
GO-20212373251,174,South Eglinton-Davisville,-79.39189891,43.7055588600001,2021,December
GO-20212397941,128,Agincourt South-Malvern West,-79.2595356799999,43.79211352,2021,December
GO-20212471927,25,Glenfield-Jane Heights,-79.51044558,43.74922073,2021,December
GO-20212477849,32,Englemount-Lawrence,-79.44354801,43.71877318,2021,December
GO-20212487697,111,Rockcliffe-Smythe,-79.48290274,43.6787964600001,2021,December
GO-20212516090,115,Mount Dennis,-79.48566769,43.6850760400001,2021,December
GO-20229964,23,Pelmo Park-Humberlea,-79.53535957,43.71031843,2022,January
GO-202216903,20,Alderwood,-79.53187035,43.6001165500001,2022,January
GO-202216630,80,Palmerston-Little Italy,-79.41659813,43.65570094,2022,January
GO-202217098,161,Humber Bay Shores,-79.4740349799999,43.6305640800001,2022,January
GO-202250758,167,Church-Wellesley,-79.38315682,43.6710402300001,2022,January
GO-2022110972,5,Elms-Old Rexdale,-79.55597987,43.7169414200001,2022,January
GO-2022124347,57,Broadview North,-79.3508686599999,43.6879637600001,2022,January
GO-2022139163,30,Brookhaven-Amesbury,-79.47040205,43.6985619100001,2022,January
GO-2022151149,100,Yonge-Eglinton,-79.40744139,43.7018332100001,2022,January
GO-2022267789,25,Glenfield-Jane Heights,-79.5048322499999,43.7480382800001,2022,February
GO-2022294326,156,Bendale-Glen Andrew,-79.2635136599999,43.75477992,2022,February
GO-2022314804,36,Newtonbrook West,-79.4374638099999,43.78502057,2022,February
GO-2022324234,30,Brookhaven-Amesbury,-79.47680739,43.7030208,2022,February
GO-2022385565,136,West Hill,-79.1868623999999,43.77060655,2022,February
GO-2022458878,89,Runnymede-Bloor West Village,-79.48849365,43.6591320900001,2022,March
GO-2022499009,142,Woburn North,-79.25123515,43.7796793200001,2022,March
GO-2022576248,70,South Riverdale,-79.33215992,43.65987261,2022,March
GO-2022613599,73,Moss Park,-79.36790417,43.65721718,2022,April
GO-2022646404,74,North St.James Town,-79.3768506599999,43.6723523800001,2022,April
GO-2022661027,73,Moss Park,-79.3734549499999,43.6572976900001,2022,April
GO-2022689316,166,St Lawrence-East Bayfront-The Islands,-79.37960001,43.64209686,2022,April
GO-2022792257,87,High Park-Swansea,-79.4699109599999,43.63720442,2022,April
GO-2022804180,2,Mount Olive-Silverstone-Jamestown,-79.58380349,43.7468081000001,2022,April
GO-2022849364,146,Malvern East,-79.1990769499999,43.80027433,2022,May
GO-2022868493,154,Oakdale-Beverley Heights,-79.50924445,43.72344008,2022,May
GO-2022964428,78,Kensington-Chinatown,-79.3893803,43.65214538,2022,May
GO-20221060544,108,Briar Hill-Belgravia,-79.44278975,43.69729598,2022,June
GO-20221087191,141,Golfdale-Cedarbrae-Woburn,-79.2110468499999,43.76286021,2022,June
GO-20221138477,38,Lansing-Westgate,-79.4107451199999,43.76070773,2022,June
GO-20221150299,147,L'Amoreaux West,-79.33151614,43.8014713700001,2022,June
GO-20221149694,159,Etobicoke City Centre,-79.53403138,43.63844241,2022,June
GO-20221153656,8,Humber Heights-Westmount,-79.51658143,43.69382045,2022,June
GO-20221164624,31,Yorkdale-Glen Park,-79.4651579499999,43.70593998,2022,June
GO-20221294476,64,Woodbine Corridor,-79.31190314,43.6803699600001,2022,July
GO-20221295738,27,York University Heights,-79.47147699,43.76782031,2022,July
GO-20221324110,156,Bendale-Glen Andrew,-79.25355602,43.7779233100001,2022,July
GO-20221360743,166,St Lawrence-East Bayfront-The Islands,-79.38147201,43.6429066200001,2022,July
GO-20221362949,164,Wellington Place,-79.4027018799999,43.6439201100001,2022,July
GO-20221443372,120,Clairlea-Birchmount,-79.2893084899999,43.7010039,2022,July
GO-20221527751,113,Weston,-79.51212106,43.701085,2022,August
GO-20221594291,154,Oakdale-Beverley Heights,-79.50812167,43.7279891800001,2022,August
GO-20221608092,122,Birchcliffe-Cliffside,-79.25433156,43.6991245500001,2022,August
GO-20221652609,38,Lansing-Westgate,-79.44003299,43.76176567,2022,August
GO-20221757893,27,York University Heights,-79.48954494,43.74680734,2022,September
GO-20221760173,153,Avondale,-79.4038930999999,43.7604366300001,2022,September
GO-20221800162,161,Humber Bay Shores,-79.48931103,43.61377308,2022,September
GO-20221835644,24,Black Creek,-79.51377459,43.7586795,2022,September
GO-20221836380,4,Rexdale-Kipling,-79.55511244,43.7150962100001,2022,September
GO-20221839939,138,Eglinton East,-79.25578146,43.7366975900001,2022,September
GO-20221864755,20,Alderwood,-79.5391851799999,43.6078356300001,2022,September
GO-20221934921,73,Moss Park,-79.37478802,43.66081101,2022,October
GO-20221946068,25,Glenfield-Jane Heights,-79.51923547,43.7528655400001,2022,October
GO-20221963156,113,Weston,-79.51131176,43.6983365400001,2022,October
GO-20221968025,27,York University Heights,-79.47147699,43.76782031,2022,October
GO-20222052791,164,Wellington Place,-79.4007817,43.6474382100001,2022,October
GO-20222099784,69,Blake-Jones,-79.33536336,43.6808386800001,2022,October
GO-20222120467,142,Woburn North,-79.22657265,43.7775834400001,2022,October
GO-20222165958,25,Glenfield-Jane Heights,-79.5170711599999,43.75484813,2022,November
GO-20222209711,130,Milliken,-79.29493081,43.8207016100001,2022,November
GO-20222229664,85,South Parkdale,-79.4327352299999,43.6404714500001,2022,November
GO-20222265498,1,West Humber-Clairville,-79.6152031999999,43.7319748100001,2022,November
GO-20222377717,65,Greenwood-Coxwell,-79.32976981,43.68160175,2022,December
GO-20222396611,88,High Park North,-79.46821933,43.65632622,2022,December
GO-20222413771,61,Taylor-Massey,-79.29217555,43.6960715100001,2022,December
GO-20222452652,135,Morningside,-79.20511142,43.76503825,2022,December
GO-20222467066,170,Yonge-Bay Corridor,-79.38246743,43.64528606,2022,December
GO-20222554708,118,Tam O'Shanter-Sullivan,-79.30039226,43.7805032000001,2022,December
